Index,Category_EN,SubCategory_EN,Category_FR,SubCategory_FR,Question_EN,Answers_EN,Question_FR,Answers_FR
1,American Government,Principles of American Government,Gouvernement Américain,Les principes du Gouvernement Américain,What is the form of government of the United States?,"Republic, Constitution-based federal republic, Representative democracy",Quel est le régime politique des États-Unis?,"Une République, Une République fédérale constitutionnelle, Une démocratie représentative"
2,American Government,Principles of American Government,Gouvernement Américain,Les principes du Gouvernement Américain,What is the supreme law of the land? *,(U.S.) Constitution,Quelle est la loi suprême du pays? *,
3,American Government,Principles of American Government,Gouvernement Américain,Les principes du Gouvernement Américain,Name one thing the U.S. Constitution does.,"Forms the government, Defines powers of government, Defines the parts of government, Protects the rights of the people",Nommez l'un des rôles de la Constitution américaine.,
4,American Government,Principles of American Government,Gouvernement Américain,Les principes du Gouvernement Américain,The U.S. Constitution starts with the words “We the People.” What does “We the People” mean? People” mean?,"Self-government, Popular sovereignty, Consent of the governed, People should govern themselves, (Example of) social contract","La Constitution américaine commence par les mots suivants: “Nous, le peuple.” Que signifie “Nous, le peuple”?",
5,American Government,Principles of American Government,Gouvernement Américain,Les principes du Gouvernement Américain,How are changes made to the U.S. Constitution?,"Amendments, The amendment process",Comment sont effectués les changements dans la Constitution?,
6,American Government,Principles of American Government,Gouvernement Américain,Les principes du Gouvernement Américain,What does the Bill of Rights protect?,"(The basic) rights of Americans, (The basic) rights of people living in the United States",Que protège la Déclaration des droits américaine?,"Les droits (fondamentaux) des Américains, Les droits (fondamentaux) des personnes vivant sur le sol américain"
7,American Government,Principles of American Government,Gouvernement Américain,Les principes du Gouvernement Américain,How many amendments does the U.S. Constitution have? *,Twenty-seven (27),,
7,American Government,Principles of American Government,Gouvernement Américain,Les principes du Gouvernement Américain,Combien d'amendements la Constitution contient-elle ? *,vingt-sept (27),,
8,American Government,Principles of American Government,Gouvernement Américain,Les principes du Gouvernement Américain,Why is the Declaration of Independence important?,"It says America is free from British control., It says all people are created equal., It identifies inherent rights., It identifies individual freedoms.",Pourquoi la Déclaration d’Indépendance est-elle importante?,"Elle stipule que l’Amérique n’est plus sous le contrôle britannique., Elle stipule que tous les citoyens naissent égaux."
9,American Government,Principles of American Government,Gouvernement Américain,Les principes du Gouvernement Américain,What founding document said the American colonies were free from Britain?,Declaration of Independence,Quel document fondateur stipulait que les colonies américaines n'étaient plus sous le contrôle britannique?,La Déclaration d’Indépendance
10,American Government,Principles of American Government,Gouvernement Américain,Les principes du Gouvernement Américain,Name two important ideas from the Declaration of Independence and the U.S. Constitution.,"Equality, Liberty, Social contract, Natural rights, Limited government, Self-government",Nommez deux idées importantes de la Déclaration d’Indépendance et de la Constitution américaine.,"Egalité, Liberté"
11,American Government,Principles of American Government,Gouvernement Américain,Les principes du Gouvernement Américain,"The words “Life, Liberty, and the pursuit of Happiness” are in what founding document?",Declaration of Independence,"Dans quel document fondateur retrouvons-nous les mots suivants: “La vie, la liberté et la recherche du bonheur”?",La Déclaration d’Indépendance
12,American Government,Principles of American Government,Gouvernement Américain,Les principes du Gouvernement Américain,What is the economic system of the United States? *,"Capitalism, Free market economy",Quel est le système économique des États-Unis ? *,
13,American Government,Principles of American Government,Gouvernement Américain,Les principes du Gouvernement Américain,What is the rule of law?,"Everyone must follow the law., Leaders must obey the law., Government must obey the law., No one is above the law.",Qu’est-ce que l’état de droit?,
14,American Government,Principles of American Government,Gouvernement Américain,Les principes du Gouvernement Américain,Many documents influenced the U.S. Constitution. Name one.,"Declaration of Independence, Articles of Confederation, Federalist Papers, Anti-Federalist Papers, Virginia Declaration of Rights, Fundamental Orders of Connecticut, Mayflower Compact, Iroquois Great Law of Peace",Un certain nombre de documents ont influencé la Constitution américaine. Nommez-en une.,"La Déclaration d’Indépendance, Les articles de la Confédération, Les Papiers Fédéralistes, Les Papiers Anti-fédéralistes, La Déclaration des droits de l’Etat de Virginie"
15,American Government,Principles of American Government,Gouvernement Américain,Les principes du Gouvernement Américain,There are three branches of government. Why?,"So one part does not become too powerful, Checks and balances, Separation of powers",,
15,American Government,Principles of American Government,Gouvernement Américain,Les principes du Gouvernement Américain,Le gouvernement a trois pouvoirs. Pourquoi?,,,"Pour qu’une partie ne puisse pas détenir trop de pouvoir, L’équilibre des pouvoirs, La séparation des pouvoirs"
16,American Government,System of Government,Gouvernement Américain,Régime politique,Name the three branches of government.,"Legislative, executive, and judicial, Congress, president, and the courts",,
16,American Government,System of Government,Gouvernement Américain,Régime politique,Nommez les trois pouvoirs du gouvernement.,,,"Le pouvoir législatif, le pouvoir exécutif et le pouvoir judiciaire, Le Congrès, le président et les tribunaux"
17,American Government,System of Government,Gouvernement Américain,Régime politique,The President of the United States is in charge of which branch of government?,Executive branch,Quel pouvoir est détenu par le président des Etats-Unis?,Le pouvoir exécutif
18,American Government,System of Government,Gouvernement Américain,Régime politique,What part of the federal government writes laws?,"(U.S.) Congress, (U.S. or national) legislature, Legislative branch",Quelle branche du gouvernement fédéral rédige les lois?,"Le Congrès, La législature (américaine ou nationale), Le pouvoir législatif"
19,American Government,System of Government,Gouvernement Américain,Régime politique,What are the two parts of the U.S. Congress?,Senate and House (of Representatives),Quelles sont les deux parties qui constituent le Congrès américain?,Le Sénat et la Chambre (des Représentants)
20,American Government,System of Government,Gouvernement Américain,Régime politique,Name one power of the U.S. Congress. *,"Writes laws, Declares war, Makes the federal budget",Nommez un pouvoir du Congrès américain. *,"Rédige les lois, Déclare la guerre, Établit le budget fédéral"
21,American Government,System of Government,Gouvernement Américain,Régime politique,How many U.S. senators are there?,One hundred (100),Combien y a-t-il de sénateurs américains?,
22,American Government,System of Government,Gouvernement Américain,Régime politique,How long is a term for a U.S. senator?,Six (6) years,Combien de temps dure le mandat d'un sénateur américain?,
23,American Government,System of Government,Gouvernement Américain,Régime politique,Who is one of your state’s U.S. senators now?,Answers will vary. [District of Columbia residents and residents of U.S. territories should answer that D.C. (or the territory where the applicant lives) has no U.S. senators.],Qui est actuellement l’un des sénateurs américains de votre État?,Les réponses varieront. [Les résidents du district fédéral de Columbia et les résidents des États-Unis doivent répondre que D.C. (ou le territoire où réside le demandeur) n’a pas de sénateur américain.]
24,American Government,System of Government,Gouvernement Américain,Régime politique,How many voting members are in the House of Representatives?,Four hundred thirty-five (435),Combien y a-t-il de membres à la Chambre des Représentants?,
25,American Government,System of Government,Gouvernement Américain,Régime politique,How long is a term for a member of the House of Representatives?,Two (2) years,Combien de temps dure le mandat d'un membre à la Chambre des Représentants?,
26,American Government,System of Government,Gouvernement Américain,Régime politique,Why do U.S. representatives serve shorter terms than U.S. senators?,To more closely follow public opinion,Pourquoi est-ce que les membres de la Chambre des Représentants ont un mandat plus court que celui des sénateurs ?,Pour pouvoir suivre l’opinion publique au plus près
27,American Government,System of Government,Gouvernement Américain,Régime politique,How many senators does each state have?,Two (2),Combien y a-t-il de sénateurs dans chaque État?,
28,American Government,System of Government,Gouvernement Américain,Régime politique,Why does each state have two senators?,"Equal representation (for small states), The Great Compromise (Connecticut Compromise)",Pourquoi chaque État peut envoyer deux sénateurs?,Représentation équitable (pour les petits États)
29,American Government,System of Government,Gouvernement Américain,Régime politique,Name your U.S. representative.,Answers will vary. [Residents of territories with nonvoting Delegates or Resident Commissioners may provide the name of that Delegate or Commissioner. Also acceptable is any statement that the territory has no (voting) representatives in Congress.],Nommez votre représentant américain.,Les réponses varieront. [Les résidents des territoires avec des délégués non votants ou des commissaires résidents peuvent indiquer le nom de ce délégué ou de ce commissaire. Toute déclaration selon laquelle le territoire a des représentants non (votants) est également acceptable.]
30,American Government,System of Government,Gouvernement Américain,Régime politique,What is the name of the Speaker of the House of Representatives now? *,Visit uscis.gov/citizenship/testupdates for the name of the Speaker of the House of Representatives.,Comment s'appelle l'actuel Président de la Chambre des Représentants? *,Visitez uscis.gov/citizenship/testupdates pour le nom du Président de la Chambre des représentants.
31,American Government,System of Government,Gouvernement Américain,Régime politique,Who does a U.S. senator represent?,"Citizens of their state, People of their state",Qui est représenté par un sénateur américain?,"Les citoyens de son État, Les habitants de son État"
32,American Government,System of Government,Gouvernement Américain,Régime politique,Who elects U.S. senators?,Citizens from their state,Qui élit les sénateurs américains?,Les citoyens de leur État
33,American Government,System of Government,Gouvernement Américain,Régime politique,Who does a member of the House of Representatives represent?,"Citizens in their (congressional) district, Citizens in their district, People from their (congressional) district, People in their district",Qui est représenté par un membre de la Chambre des Représentants?,
34,American Government,System of Government,Gouvernement Américain,Régime politique,Who elects members of the House of Representatives?,Citizens from their (congressional) district,Qui élit les membres de la Chambre des Représentants?,
35,American Government,System of Government,Gouvernement Américain,Régime politique,Some states have more representatives than other states. Why?,"(Because of) the state’s population, (Because) they have more people, (Because) some states have more people",Pourquoi certains États ont-ils plus de représentants que d'autres?,(à cause de) la population de l’État
36,American Government,System of Government,Gouvernement Américain,Régime politique,The President of the United States is elected for how many years? *,Four (4) years,Pour combien d'années élisons-nous un Président ?*,
37,American Government,System of Government,Gouvernement Américain,Régime politique,The President of the United States can serve only two terms. Why?,"(Because of) the 22nd Amendment, To keep the president from becoming too powerful",Le Président des Etats-Unis est autorisé à n'effectuer que deux mandats. Pourquoi?,"(À cause du) 22ème Amendement, Pour empêcher le président d’avoir trop de pouvoir"
38,American Government,System of Government,Gouvernement Américain,Régime politique,What is the name of the President of the United States now? *,Visit uscis.gov/citizenship/testupdates for the name of the President of the United States.,Comment s'appelle l'actuel Président des États-Unis ?*,Visitez uscis.gov/citizenship/testupdates pour le nom du président des États-Unis
39,American Government,System of Government,Gouvernement Américain,Régime politique,What is the name of the Vice President of the United States now? *,Visit uscis.gov/citizenship/testupdates for the name of the Vice President of the United States,Comment s'appelle le Vice-président des États-Unis? *,Visitez uscis.gov/citizenship/testupdates pour le nom du vice-président des États-Unis.
40,American Government,System of Government,Gouvernement Américain,Régime politique,"If the president can no longer serve, who becomes president?",The Vice President (of the United States),"Si le Président ne peut plus exercer sa fonction, qui devient Président?",le Vice-président
41,American Government,System of Government,Gouvernement Américain,Régime politique,Name one power of the president.,"Signs bills into law, Vetoes bills, Enforces laws, Commander in Chief (of the military), Chief diplomat, Appoints federal judges",Nommez un pouvoir détenu par le président.,
42,American Government,System of Government,Gouvernement Américain,Régime politique,Who is Commander in Chief of the U.S. military?,The President (of the United States),Qui est le Commandant en chef de l'armée?,Le Président
43,American Government,System of Government,Gouvernement Américain,Régime politique,Who signs bills to become laws?,The President (of the United States),,
43,American Government,System of Government,Gouvernement Américain,Régime politique,"Qui signe les projets de loi, pour qu'ils deviennent des lois?",,,Le Président
44,American Government,System of Government,Gouvernement Américain,Régime politique,Who vetoes bills? *,The President (of the United States),,
44,American Government,System of Government,Gouvernement Américain,Régime politique,Qui met son veto aux lois? *,,,Le Président
45,American Government,System of Government,Gouvernement Américain,Régime politique,Who appoints federal judges?,The President (of the United States),Qui nomme les juges fédéraux?,Le Président (des États-Unis)
46,American Government,System of Government,Gouvernement Américain,Régime politique,The executive branch has many parts. Name one.,"President (of the United States), Cabinet, Federal departments and agencies",L’exécutif a plusieurs composantes. Nommez-en une.,Le Président (des États-Unis)
47,American Government,System of Government,Gouvernement Américain,Régime politique,What does the President’s Cabinet do?,Advises the President (of the United States),Que fait le Cabinet du Président ?,Conseille le Président
48,American Government,System of Government,Gouvernement Américain,Régime politique,What are two Cabinet-level positions?,"Attorney General, Secretary of Agriculture, Secretary of Commerce, Secretary of Defense, Secretary of Education, Secretary of Energy, Secretary of Health and Human Services, Secretary of Homeland Security, Secretary of Housing and Urban Development, Secretary of the Interior, Secretary of Labor, Secretary of State, Secretary of Transportation, Secretary of the Treasury, Secretary of Veterans Affairs, Vice President (of the United States), Administrator of the Environmental Protection Agency, Administrator of the Small Business Administration, Director of the Central Intelligence Agency, Director of the Office of Management and Budget, Director of National Intelligence, United States Trade Representative",Quels sont deux postes de niveau ministériel ?,"Secrétaire à l'Agriculture, Secrétaire au Commerce, Secrétaire à la Défense, Secrétaire à l'Éducation, Secrétaire à l'Énergie, Secrétaire à la Santé et aux services sociaux, Secrétaire à la Sécurité intérieure, Secrétaire au Logement et au développement urbain, Secrétaire à l'Intérieur, Secrétaire au Travail, Secrétaire d'État, Secrétaire aux Transports, Secrétaire du Trésor, Secrétaire aux Affaires des anciens combattants, Procureur général, Vice-président"
49,American Government,System of Government,Gouvernement Américain,Régime politique,Why is the Electoral College important?,"It decides who is elected president., It provides a compromise between the popular election of the president and congressional selection.",Pourquoi le Collège électoral est-il important?,"Il décide qui est élu président., Il permet un compromis entre l’élection du président par les citoyens et les choix du Congrès."
50,American Government,System of Government,Gouvernement Américain,Régime politique,What is one part of the judicial branch?,"Supreme Court, Federal Courts",,
50,American Government,System of Government,Gouvernement Américain,Régime politique,Quelle est la composante du pouvoir judiciaire?,,,"La Cour suprême, Le tribunal fédéral"
51,American Government,System of Government,Gouvernement Américain,Régime politique,What does the judicial branch do?,"Reviews laws, Explains laws, Resolves disputes (disagreements) about the law, Decides if a law goes against the (U.S.) Constitution",Quel est le rôle du pouvoir judiciaire?,révise les lois
52,American Government,System of Government,Gouvernement Américain,Régime politique,What is the highest court in the United States? *,Supreme Court,Quelle est la plus haute instance judiciaire aux États-Unis ? *,la Cour suprême
53,American Government,System of Government,Gouvernement Américain,Régime politique,How many seats are on the Supreme Court?,Nine (9),Combien de sièges y a-t-il à la Cour suprême?,
54,American Government,System of Government,Gouvernement Américain,Régime politique,How many Supreme Court justices are usually needed to decide a case?,Five (5),"En général, combien faut-il de juges à la Cour suprême pour statuer sur une affaire?",
55,American Government,System of Government,Gouvernement Américain,Régime politique,How long do Supreme Court justices serve?,"(For) life, Lifetime appointment, (Until) retirement",Combien de temps dure le mandat des juges à la Cour suprême?,"(À) vie, Nomination à vie, (Jusqu’à) la retraite"
56,American Government,System of Government,Gouvernement Américain,Régime politique,Supreme Court justices serve for life. Why?,"To be independent (of politics), To limit outside (political) influence",Les juges à la Cour suprême siègent à vie. Pourquoi?,"Pour être indépendants (de la politique), Pour limiter l’influence (politique) extérieure"
57,American Government,System of Government,Gouvernement Américain,Régime politique,Who is the Chief Justice of the United States now?,Visit uscis.gov/citizenship/testupdates for the name of the Chief Justice of the United States.,"Qui est le juge en chef des États-Unis, à l'heure actuelle?",Visitez uscis.gov/citizenship/testupdates pour le nom du juge en chef des États-Unis.
58,American Government,System of Government,Gouvernement Américain,Régime politique,Name one power that is only for the federal government.,"Print paper money, Mint coins, Declare war, Create an army, Make treaties, Set foreign policy",Nommez un pouvoir détenu uniquement par le gouvernement fédéral.,
59,American Government,System of Government,Gouvernement Américain,Régime politique,Name one power that is only for the states.,"Provide schooling and education, Provide protection (police), Provide safety (fire departments), Give a driver’s license, Approve zoning and land use",Nommez un pouvoir détenu uniquement par les États.,assurer la scolarisation et l'éducation
60,American Government,System of Government,Gouvernement Américain,Régime politique,What is the purpose of the 10th Amendment?,(It states that the) powers not given to the federal government belong to the states or to the people.,Quel est l'objectif du 10ème amendement?,(Il précise que) les pouvoirs non octroyés au gouvernement fédéral sont réservés aux États ou au peuple.
61,American Government,System of Government,Gouvernement Américain,Régime politique,Who is the governor of your state now? *,Answers will vary. [District of Columbia residents should answer that D.C. does not have a governor.],"Qui est le gouverneur de votre État, à l'heure actuelle? *",Les réponses varieront. [Les résidents du District de Columbia devraient répondre que le District n’a pas de gouverneur.]
62,American Government,System of Government,Gouvernement Américain,Régime politique,What is the capital of your state?,Answers will vary. [District of Columbia residents should answer that D.C. is not a state and does not have a capital. Residents of U.S. territories should name the capital of the territory.],Quelle est la capitale de votre État?,"Les réponses varieront. [Les habitants du district de Columbia devraient répondre que le District de Columbia n’est pas un État, et n’a pas de capitale. Les résidents des territoires américains doivent nommer la capitale du territoire.]"
63,American Government,Rights and Responsibilities,Gouvernement Américain,Droits et responsabilités,There are four amendments to the U.S. Constitution about who can vote. Describe one of them.,"Citizens eighteen (18) and older (can vote)., You don’t have to pay (a poll tax) to vote., Any citizen can vote. (Women and men can vote.), A male citizen of any race (can vote).",La Constitution contient quatre amendements concernant les personnes pouvant voter. Décrivez-en un d'entre eux.,Les citoyens âgés de dix-huit (18) ans et plus (peuvent voter).
64,American Government,Rights and Responsibilities,Gouvernement Américain,Droits et responsabilités,"Who can vote in federal elections, run for federal office, and serve on a jury in the United States?","Citizens, Citizens of the United States, U.S. citizens","Qui peut voter aux élections fédérales, se présenter aux élections du Bureau fédéral et siéger en tant que juré aux États-Unis?",
65,American Government,Rights and Responsibilities,Gouvernement Américain,Droits et responsabilités,What are three rights of everyone living in the United States?,"Freedom of expression, Freedom of speech, Freedom of assembly, Freedom to petition the government, Freedom of religion, The right to bear arms",Quels sont les Trois droits dont disposent toutes les personnes résidant aux États-Unis?,"Liberté d’expression, Liberté de parole, Liberté de réunion, Liberté de présenter des demandes au gouvernement, Liberté de religion"
66,American Government,Rights and Responsibilities,Gouvernement Américain,Droits et responsabilités,What do we show loyalty to when we say the Pledge of Allegiance? *,"The United States, The flag",À qui promettons-nous loyauté lorsque nous faisons le Serment d’allégeance au drapeau des États-Unis? *,aux États-Unis
67,American Government,Rights and Responsibilities,Gouvernement Américain,Droits et responsabilités,Name two promises that new citizens make in the Oath of Allegiance.,"Give up loyalty to other countries, Defend the (U.S.) Constitution, Obey the laws of the United States, Serve in the military (if needed), Serve (help, do important work for) the nation (if needed), Be loyal to the United States",Nommez deux promesses que font les nouveaux citoyens au Serment d’allégeance.,"Abandonner toute loyauté à l’égard d’autres pays, Défendre la (des États-Unis), Obéir aux lois des États-Unis, Servir au sein de l’armée des États-Unis (si nécessaire), Servir (effectuer d’importants travaux pour) la nation (si nécessaire), Faire preuve de loyauté à l’égard des États-Unis"
68,American Government,Rights and Responsibilities,Gouvernement Américain,Droits et responsabilités,How can people become United States citizens?,"Be born in the United States, under the conditions set by the 14th Amendment, Naturalize, Derive citizenship (under conditions set by Congress",Comment peut-on devenir citoyen américain?,"Être né aux États-Unis, dans les conditions fixées par le 14e amendement"
69,American Government,Rights and Responsibilities,Gouvernement Américain,Droits et responsabilités,What are two examples of civic participation in the United States?,"Vote, Run for office, Join a political party, Help with a campaign, Join a civic group, Join a community group, Give an elected official your opinion (on an issue), Contact elected officials, Support or oppose an issue or policy, Write to a newspaper",Quels sont les deux exemples de participation citoyenne aux États-Unis?,
70,American Government,Rights and Responsibilities,Gouvernement Américain,Droits et responsabilités,What is one way Americans can serve their country?,"Vote, Pay taxes, Obey the law, Serve in the military, Run for office, Work for local, state, or federal government",De quelle façon les Américains peuvent-ils servir leur pays?,
71,American Government,Rights and Responsibilities,Gouvernement Américain,Droits et responsabilités,Why is it important to pay federal taxes?,"Required by law, All people pay to fund the federal government, Required by the (U.S.) Constitution (16th Amendment), Civic duty",Pourquoi est-il important de payer des impôts fédéraux ?,"Exigé par la loi, Tous les citoyens paient pour financer le gouvernement fédéral, Exigé par les (États-Unis) Constitution (16ème amendement)"
72,American Government,Rights and Responsibilities,Gouvernement Américain,Droits et responsabilités,It is important for all men age 18 through 25 to register for the Selective Service. Name one reason why.,"Required by law, Civic duty, Makes the draft fair, if needed",Il est important que tous les hommes âgés de 18 à 25 ans s'inscrivent au service sélectif. Nommez une raison.,Exigé par la loi
73,American History,Colonial Period and Independence,Histoire Américaine,Droits et responsabilités,The colonists came to America for many reasons. Name one.,"Freedom, Political liberty, Religious freedom, Economic opportunity, Escape persecution",Les colons sont arrivés aux Etats-Unis pour plusieurs raisons. Nommez-en une.,"La liberté, La liberté politique, La liberté de culte, Les opportunités économiques, Pour échapper aux persécutions"
74,American History,Colonial Period and Independence,Histoire Américaine,Droits et responsabilités,Who lived in America before the Europeans arrived? *,"American Indians, Native Americans",Qui vivaient en Amérique avant l’arrivée des Européens? *,"Indiens d'Amérique, Amérindiens"
75,American History,Colonial Period and Independence,Histoire Américaine,Droits et responsabilités,What group of people was taken and sold as slaves?,"Africans, People from Africa",Quel groupe de personnes ont été emmenées en Amérique pour y être vendues en tant qu’esclaves?,
76,American History,Colonial Period and Independence,Histoire Américaine,Droits et responsabilités,What war did the Americans fight to win independence from Britain?,"American Revolution, The (American) Revolutionary War, War for (American) Independence",Quelle guerre ont combattu les Américains pour obtenir leur indépendance face aux Britanniques?,"La Révolution américaine, La Guerre d’Indépendance (américaine), La guerre pour l’Indépendance américaine"
77,American History,Colonial Period and Independence,Histoire Américaine,Droits et responsabilités,Name one reason why the Americans declared independence from Britain.,"High taxes, Taxation without representation, British soldiers stayed in Americans’ houses (boarding, quartering), They did not have self-government, Boston Massacre, Boston Tea Party (Tea Act), Stamp Act, Sugar Act, Townshend Acts, Intolerable (Coercive) Acts",Donnez une raison pour laquelle les Américains ont déclaré leur indépendance face aux Britanniques.,"Taxes très élevées, Taxation sans représentation, Les soldats britanniques restaient dans les maisons des Américains (embarquement, casernement)"
78,American History,Colonial Period and Independence,Histoire Américaine,Droits et responsabilités,Who wrote the Declaration of Independence? *,(Thomas) Jefferson,Qui a rédigé la Déclaration d’Indépendance? *,
79,American History,Colonial Period and Independence,Histoire Américaine,Droits et responsabilités,When was the Declaration of Independence adopted?,"July 4, 1776",Quand la Déclaration d’Indépendance a-t-elle été adoptée?,
80,American History,Colonial Period and Independence,Histoire Américaine,Droits et responsabilités,The American Revolution had many important events. Name one.,"(Battle of) Bunker Hill, Declaration of Independence, Washington Crossing the Delaware (Battle of Trenton), (Battle of) Saratoga, Valley Forge (Encampment), (Battle of) Yorktown (British surrender at Yorktown)",La Révolution américaine a connu de nombreux événements importants. Nommez-en un.,
81,American History,Colonial Period and Independence,Histoire Américaine,Droits et responsabilités,There were 13 original states. Name five.,"New Hampshire, Massachusetts, Rhode Island, Connecticut, New York, New Jersey, Pennsylvania, Delaware, Maryland, Virginia, North Carolina, South Carolina, Georgia",On comptait 13 États à l’origine. Citez-en cinq.,
82,American History,Colonial Period and Independence,Histoire Américaine,Droits et responsabilités,What founding document was written in 1787?,(U.S.) Constitution,Quel document fondateur a été rédigé en 1787?,Constitution (des États-Unis)
83,American History,Colonial Period and Independence,Histoire Américaine,Droits et responsabilités,The Federalist Papers supported the passage of the U.S. Constitution. Name one of the writers.,"(James) Madison, (Alexander) Hamilton, (John) Jay, Publius",Le Fédéraliste (Federalist Papers) a soutenu le passage à la Convention des États-Unis. Citez un des auteurs.,
84,American History,Colonial Period and Independence,Histoire Américaine,Droits et responsabilités,Why were the Federalist Papers important?,"They helped people understand the (U.S.) Constitution., They supported passing the (U.S.) Constitution.",Pourquoi les Papiers fédéralistes étaient-ils importants?,"Ils ont aidé les gens à comprendre Constitution (des États-Unis)., Ils ont aidé à l'adoption de la Constitution (des États-Unis)."
85,American History,Colonial Period and Independence,Histoire Américaine,Droits et responsabilités,Benjamin Franklin is famous for many things. Name one.,"Founded the first free public libraries, First Postmaster General of the United States, Helped write the Declaration of Independence, Inventor, U.S. diplomat",Benjamin Franklin est célèbre pour beaucoup de choses. Nommez-en un.,"Création des premières bibliothèques publiques gratuites, Premier maître général des Postes des États-Unis, Aide à la rédaction de la Déclaration d’indépendance"
86,American History,Colonial Period and Independence,Histoire Américaine,Droits et responsabilités,George Washington is famous for many things. Name one. *,"“Father of Our Country”, First president of the United States, General of the Continental Army, President of the Constitutional Convention",George Washington est célèbre pour beaucoup de choses. Nommez-en un. *,"“Père de notre pays”, Premier président des États-Unis, Général de l’Armée continentale, Président de la Convention constitutionnelle"
87,American History,Colonial Period and Independence,Histoire Américaine,Droits et responsabilités,Thomas Jefferson is famous for many things. Name one.,"Writer of the Declaration of Independence, Third president of the United States, Doubled the size of the United States (Louisiana Purchase), First Secretary of State, Founded the University of Virginia, Writer of the Virginia Statute on Religious Freedom",Thomas Jefferson est célèbre pour beaucoup de choses. Nommez-en un.,"Rédacteur de la Déclaration d’indépendance, Troisième président des États-Unis, A doublé la taille des États-Unis (achat de la Louisiane), Premier Secrétaire d’État, A fondé l’Université de Virginie, Rédacteur du Virginia Statute on Religious Freedom"
88,American History,Colonial Period and Independence,Histoire Américaine,Droits et responsabilités,James Madison is famous for many things. Name one.,"“Father of the Constitution”, Fourth president of the United States, President during the War of 1812, One of the writers of the Federalist Papers",James Madison est célèbre pour beaucoup de choses. Nommez-en un.,"“Père de la Constitution”, Quatrième Président des États-Unis, Président pendant la guerre de 1812, Un des auteurs des Papiers Fédéralistes"
89,American History,Colonial Period and Independence,Histoire Américaine,Droits et responsabilités,Alexander Hamilton is famous for many things. Name one.,"First Secretary of the Treasury, One of the writers of the Federalist Papers, Helped establish the First Bank of the United States, Aide to General George Washington, Member of the Continental Congress",Alexander Hamilton est célèbre pour beaucoup de choses. Nommez-en un.,"Premier secrétaire du Trésor, Un des auteurs des Papiers Fédéralistes, Aide à la création de la First Bank of the United States, Aide au général George Washington, Membre du Congrès continental"
90,American History,1800s,Histoire Américaine,XIXème siècle,What territory did the United States buy from France in 1803?,"Louisiana Territory, Louisiana",Quel est le territoire que les États-Unis ont acquis auprès de la France en 1803?,
91,American History,1800s,Histoire Américaine,XIXème siècle,Name one war fought by the United States in the 1800s.,"War of 1812, Mexican-American War, Civil War, Spanish-American War",Citez une guerre menée par les États-Unis au cours du XIXème siècle.,
92,American History,1800s,Histoire Américaine,XIXème siècle,Name the U.S. war between the North and the South.,The Civil War,Citez le nom de la guerre qui a éclaté aux États-Unis entre le Nord et le Sud.,Guerre de Sécession
93,American History,1800s,Histoire Américaine,XIXème siècle,The Civil War had many important events. Name one.,"(Battle of) Fort Sumter, Emancipation Proclamation, (Battle of) Vicksburg, (Battle of) Gettysburg, Sherman’s March, (Surrender at) Appomattox, (Battle of) Antietam/Sharpsburg, Lincoln was assassinated.",La guerre civile a connu de nombreux événements importants. Nommez-en un.,
94,American History,1800s,Histoire Américaine,XIXème siècle,Abraham Lincoln is famous for many things. Name one. *,"Freed the slaves (Emancipation Proclamation), Saved (or preserved) the Union, Led the United States during the Civil War, 16th president of the United States, Delivered the Gettysburg Address",Abraham Lincoln est célèbre pour beaucoup de choses. Nommez-en une. *,"Libération des esclaves (Proclamation d’émancipation), Sauvegarde (ou préservation) de l’Union, A conduit les États-Unis pendant la guerre civile, 16e président des États-Unis, A prononcé le discours de Gettysburg"
95,American History,1800s,Histoire Américaine,XIXème siècle,What did the Emancipation Proclamation do?,"Freed the slaves, Freed slaves in the Confederacy, Freed slaves in the Confederate states, Freed slaves in most Southern states",Qu’est-ce que la Proclamation d’émancipation a-t-elle permis?,"Libération des esclaves, Libération des esclaves au sein de la Confédération, Libération des esclaves au sein des États confédérés, Libération des esclaves au sein de la plupart des États du Sud"
96,American History,1800s,Histoire Américaine,XIXème siècle,What U.S. war ended slavery?,The Civil War,Quelle guerre américaine a mis fin à l’esclavage?,
97,American History,1800s,Histoire Américaine,XIXème siècle,"What amendment says all persons born or naturalized in the United States, and subject to the jurisdiction thereof, are U.S. citizens?",14th Amendment,"Quel amendement stipule que toutes les personnes nées ou naturalisées aux États-Unis, et soumises à leur juridiction, sont des citoyens des États-Unis ?",14ème amendement
98,American History,1800s,Histoire Américaine,XIXème siècle,When did all men get the right to vote?,"After the Civil War, During Reconstruction, (With the) 15th Amendment, 1870",,
98,American History,1800s,Histoire Américaine,XIXème siècle,Quand est-ce que tous les hommes ont obtenu le droit de vote?,,,Après la guerre civile
99,American History,1800s,Histoire Américaine,XIXème siècle,Name one leader of the women’s rights movement in the 1800s.,"Susan B. Anthony, Elizabeth Cady Stanton, Sojourner Truth, Harriet Tubman, Lucretia Mott, Lucy Stone",Nommez une dirigeante du mouvement des droits des femmes dans les années 1800,
100,American History,Recent American History and Other Important Historical Information,Histoire Américaine,Histoire américaine moderne et autres données historiques importantes,Name one war fought by the United States in the 1900s.,"World War I, World War II, Korean War, Vietnam War, (Persian) Gulf War",Citez une guerre à laquelle les États-Unis ont participé au XXème siècle,Première Guerre Mondiale
101,American History,Recent American History and Other Important Historical Information,Histoire Américaine,Histoire américaine moderne et autres données historiques importantes,Why did the United States enter World War I?,"Because Germany attacked U.S. (civilian) ships, To support the Allied Powers (England, France, Italy, and Russia), To oppose the Central Powers (Germany, Austria-Hungary, the Ottoman Empire, and Bulgaria)",Pourquoi les États-Unis ont-ils joint la Première Guerre mondiale?,"Parce que l’Allemagne a attaqué des navires américains (civils), Pour soutenir les puissances alliées (Angleterre, France, Italie et Russie)"
102,American History,Recent American History and Other Important Historical Information,Histoire Américaine,Histoire américaine moderne et autres données historiques importantes,When did all women get the right to vote?,"1920, After World War I, (With the) 19th Amendment",,
102,American History,Recent American History and Other Important Historical Information,Histoire Américaine,Histoire américaine moderne et autres données historiques importantes,Quand est-ce que toutes les femmes ont obtenu le droit de vote ?,1920,,Après la Première Guerre mondiale
103,American History,Recent American History and Other Important Historical Information,Histoire Américaine,Histoire américaine moderne et autres données historiques importantes,What was the Great Depression?,Longest economic recession in modern history,Qu’est-ce que la Grande Dépression?,La plus longue récession économique de l’histoire moderne
104,American History,Recent American History and Other Important Historical Information,Histoire Américaine,Histoire américaine moderne et autres données historiques importantes,When did the Great Depression start?,"The Great Crash (1929), Stock market crash of 1929",Quand la Grande Dépression a-t-elle commencé ?,
105,American History,Recent American History and Other Important Historical Information,Histoire Américaine,Histoire américaine moderne et autres données historiques importantes,Who was president during the Great Depression and World War II?,(Franklin) Roosevelt,Qui était Président au cours de la Grande Dépression et de la Seconde Guerre Mondiale?,
106,American History,Recent American History and Other Important Historical Information,Histoire Américaine,Histoire américaine moderne et autres données historiques importantes,Why did the United States enter World War II?,"(Bombing of) Pearl Harbor, Japanese attacked Pearl Harbor, To support the Allied Powers (England, France, and Russia), To oppose the Axis Powers (Germany, Italy, and Japan)",Pourquoi les États-Unis ont-ils joint la Seconde Guerre mondiale?,
107,American History,Recent American History and Other Important Historical Information,Histoire Américaine,Histoire américaine moderne et autres données historiques importantes,Dwight Eisenhower is famous for many things. Name one.,"General during World War II, President at the end of (during) the Korean War, 34th president of the United States, Signed the Federal-Aid Highway Act of 1956 (Created the Interstate System)",Dwight Eisenhower est célèbre pour beaucoup de choses. Nommez-en une.,"Général pendant la Seconde Guerre mondiale, Président à la fin de (pendant) la guerre de Corée, 34e président des États-Unis, Signature de la Federal-Aid Highway Act de 1956 (création du réseau interétatique)"
108,American History,Recent American History and Other Important Historical Information,Histoire Américaine,Histoire américaine moderne et autres données historiques importantes,Who was the United States’ main rival during the Cold War?,"Soviet Union, USSR, Russia",Qui était le principal rival des États-Unis pendant la guerre froide?,Union soviétique
109,American History,Recent American History and Other Important Historical Information,Histoire Américaine,Histoire américaine moderne et autres données historiques importantes,"During the Cold War, what was one main concern of the United States?","Communism, Nuclear war","Pendant la guerre froide, quelle était l’une des principales préoccupations des États-Unis?",
110,American History,Recent American History and Other Important Historical Information,Histoire Américaine,Histoire américaine moderne et autres données historiques importantes,Why did the United States enter the Korean War?,To stop the spread of communism,Pourquoi les États-Unis ont-ils joint la guerre de Corée?,Arrêter la propagation du communisme
111,American History,Recent American History and Other Important Historical Information,Histoire Américaine,Histoire américaine moderne et autres données historiques importantes,Why did the United States enter the Vietnam War?,To stop the spread of communism,Pourquoi les États-Unis ont-ils participé à la guerre du Vietnam?,Arrêter la propagation du communisme
112,American History,Recent American History and Other Important Historical Information,Histoire Américaine,Histoire américaine moderne et autres données historiques importantes,What did the civil rights movement do?,Fought to end racial discrimination,,
112,American History,Recent American History and Other Important Historical Information,Histoire Américaine,Histoire américaine moderne et autres données historiques importantes,Qu’a fait le mouvement des droits civils?,,,A lutté pour mettre fin à la discrimination raciale
113,American History,Recent American History and Other Important Historical Information,Histoire Américaine,Histoire américaine moderne et autres données historiques importantes,"Martin Luther King, Jr. is famous for many things. Name one. *","Fought for civil rights, Worked for equality for all Americans, Worked to ensure that people would “not be judged by the color of their skin, but by the content of their character”","Martin Luther King, Jr. est célèbre pour de nombreuses raisons. Nommez-en une. *",
114,American History,Recent American History and Other Important Historical Information,Histoire Américaine,Histoire américaine moderne et autres données historiques importantes,Why did the United States enter the Persian Gulf War?,To force the Iraqi military from Kuwait,Pourquoi les États-Unis ont-ils joint dans la guerre du golfe Persique?,Forcer l’armée irakienne à quitter le Koweït
115,American History,Recent American History and Other Important Historical Information,Histoire Américaine,Histoire américaine moderne et autres données historiques importantes,"What major event happened on September 11, 2001 in the United States? *","Terrorists attacked the United States, Terrorists took over two planes and crashed them into the World Trade Center in New York City, Terrorists took over a plane and crashed into the Pentagon in Arlington, Virginia, Terrorists took over a plane originally aimed at Washington, D.C., and crashed in a field in Pennsylvania",Quel important événement s’est produit le 11 septembre 2001 aux États-Unis?*,"Attaque terroriste aux États-Unis., Des terroristes ont pris deux avions et les ont fait s'écraser sur le World Trade Center de New York, Des terroristes ont pris un avion et l'ont fait s'écraser sur le Pentagone à Arlington, en Virginie, Des terroristes ont pris un avion se dirigeant à l’origine vers Washington, D.C., et l'ont fait s'écraser dans un champ en Pennsylvanie"
116,American History,Recent American History and Other Important Historical Information,Histoire Américaine,Histoire américaine moderne et autres données historiques importantes,"Name one U.S. military conflict after the September 11, 2001 attacks.","(Global) War on Terror, War in Afghanistan, War in Iraq",Nommez un conflit militaire américain après les attentats du 11 septembre 2001,
117,American History,Recent American History and Other Important Historical Information,Histoire Américaine,Histoire américaine moderne et autres données historiques importantes,Name one American Indian tribe in the United States.,"Apache, Blackfeet, Cayuga, Cherokee, Cheyenne, Chippewa, Choctaw, Creek, Crow, Hopi, Huron, Inupiat, Lakota, Mohawk, Mohegan, Navajo, Oneida, Onondaga, Pueblo, Seminole, Seneca, Shawnee, Sioux, Teton, Tuscarora For a complete list of tribes, please visit bia.gov.",Citez une tribu d’Amérindiens aux États-Unis.,
118,American History,Recent American History and Other Important Historical Information,Histoire Américaine,Histoire américaine moderne et autres données historiques importantes,Name one example of an American innovation.,"Light bulb, Automobile (cars, combustible engine), Skyscrapers, Airplane, Assembly line, Landing on the moon, Integrated circuit (IC)",Nommez un exemple d’innovation américaine.,
119,Symbols and Holidays,Symboles,Symboles et Jours Fériés,Symbols Symboles et Congés,What is the capital of the United States?,"Washington, D.C.",Quelle est la capitale des États-Unis d’Amérique ?,
120,Symbols and Holidays,Symboles,Symboles et Jours Fériés,Symbols Symboles et Congés,Where is the Statue of Liberty?,"New York (Harbor), Liberty Island [Also acceptable are New Jersey, near New York City, and on the Hudson (River).]",Où se trouve la Statue de la Liberté ?,
121,Symbols and Holidays,Symboles,Symboles et Jours Fériés,Symbols Symboles et Congés,Why does the flag have 13 stripes? *,"(Because there were) 13 original colonies, (Because the stripes) represent the original colonies",,
121,Symbols and Holidays,Symboles,Symboles et Jours Fériés,Symbols Symboles et Congés,Pourquoi le drapeau compte-t-il 13 bandes? *,Car il y avait 13 colonies originales,,Car les bandes représentent les colonies originales
122,Symbols and Holidays,Symboles,Symboles et Jours Fériés,Symbols Symboles et Congés,Why does the flag have 50 stars?,"(Because there is) one star for each state, (Because) each star represents a state, (Because there are) 50 states",Pourquoi le drapeau présente-t-il 50 étoiles?,"Une étoile pour chaque État, Chaque étoile représente un État, On compte 50 États"
123,Symbols and Holidays,Symboles,Symboles et Jours Fériés,Symbols Symboles et Congés,What is the name of the national anthem?,The Star-Spangled Banner,,
123,Symbols and Holidays,Symboles,Symboles et Jours Fériés,Symbols Symboles et Congés,Quel est le nom de l’hymne national ?,,,The Star-Spangled Banner (La bannière étoilée)
124,Symbols and Holidays,Symboles,Symboles et Jours Fériés,Symbols Symboles et Congés,The Nation’s first motto was “E Pluribus Unum.” What does that mean?,"Out of many, one, We all become one",La première devise de la Nation était « E Pluribus Unum » Qu’est-ce que cela signifie?,un seul à partir
125,Symbols and Holidays,Holidays,Symboles et Jours Fériés,Congés,What is Independence Day?,"A holiday to celebrate U.S. independence (from Britain), The country’s birthday",Qu'est-ce que le jour de l'Indépendance?,Un jour férié pour célébrer l’indépendance des États-Unis (de la Grande-Bretagne)
126,Symbols and Holidays,Holidays,Symboles et Jours Fériés,Congés,Name three national U.S. holidays. *,"New Year’s Day, Martin Luther King, Jr. Day, Presidents Day (Washington’s Birthday), Memorial Day, Independence Day, Labor Day, Columbus Day, Veterans Day, Thanksgiving Day, Christmas Day",Citez Trois jours fériés nationaux aux États-Unis.*,
127,Symbols and Holidays,Holidays,Symboles et Jours Fériés,Congés,What is Memorial Day?,A holiday to honor soldiers who died in military service,,
127,Symbols and Holidays,Holidays,Symboles et Jours Fériés,Congés,Qu'est-ce que le Jour du Souvenir (Memorial Day)?,,,Une fête en l’honneur des soldats qui sont morts pendant leur service militaire
128,Symbols and Holidays,Holidays,Symboles et Jours Fériés,Congés,What is Veterans Day?,"A holiday to honor people in the (U.S.) military, A holiday to honor people who have served (in the U.S. military)",Qu’est-ce que la Journée des anciens combattants (Veteran's Day)?,"Une fête en l’honneur des militaires des États-Unis, Une fête en l’honneur des personnes qui ont servi (dans l’armée américaine)"
