ID,ChapterID,SectionID,Type,English_Full,Arabic_Full,Notes
1,1,0,title,Blueprint for Freedom: The Birth of the Constitution,مخطط للحرية: ولادة الدستور,Chapter 1 Title
2,1,0,introduction,"Before the United States became a nation, the great Founding Fathers drew up the most important 'blueprint.' Without this Constitution, today's America would not exist.","قبل أن تصبح الولايات المتحدة أمة، وضع الآباء المؤسسون العظماء ""المخطط"" الأهم. بدون هذا الدستور، لن تكون أمريكا اليوم موجودة.",Chapter 1 Introduction
3,1,1,section,"Once upon a time, there were people who dreamed of freedom and justice. As they established a new nation, they declared: ""We shall live as a Republic, under the principles of a Constitution-based federal republic, and create a nation of Representative democracy where people govern themselves through representatives!"" (Q.1). The supreme law supporting their promise was the Constitution (Q.2). This Constitution was not just words; it was the backbone and the promise of the nation. Within it were provisions to form the government, define the powers of government, define the departments of government, and most importantly, protect the rights of the people (Q.3). And the first sentence of the Constitution began: ""The Constitution begins with 'We the People.'"" Here, the phrase ""We the People"" symbolizes Self-government, Popular sovereignty, Consent of the governed, People should govern themselves, and a Social contract (Q.4). However, the Constitution was not a document written once and left untouched. To allow for amendments and additions as times changed, amendments to the U.S. Constitution were created through the Constitutional amendment process (Q.5). Among the most famous of these amendments are the Bill of Rights. These provisions protect the basic rights of Americans and the basic rights of people living in the United States (Q.6). To date, a total of 27 amendments have been added to the Constitution (Q.7). But everything began with one document: the Declaration of Independence. That document declared that the United States was free from British control, stated that all men are created equal, and defined unalienable rights and individual liberty (Q.8, Q.9). That document and the Constitution together conveyed core values such as Equality, Liberty, Social contract, Right to life, Limited government, and Self-government (Q.10). And the words deeply etched in people's hearts, ""Life, Liberty, and the pursuit of Happiness,"" came from the Declaration of Independence (Q.11). Built upon these ideas, the U.S. economy follows the principles of Capitalism and a free market economy (Q.12). Yet, even a free nation needed order. Thus, the concept of the Rule of Law emerged, establishing the principle that everyone must follow the law, leaders must obey the law, government must obey the law, and no one is above the law (Q.13). In the process of creating this Constitution, the Declaration of Independence, the Articles of Confederation, the Federalist Papers, the Virginia Declaration of Rights, the Fundamental Orders of Connecticut, the Mayflower Compact, and the Great Law of Peace of the Iroquois Confederacy had a great influence (Q.14). And finally, the United States created three branches to prevent power from concentrating in one place. This is the principle of Separation of powers and Checks and balances, designed so that no one branch becomes too powerful (Q.15).","في يوم من الأيام، كان هناك أناس يحلمون بالحرية والعدالة. عندما أسسوا أمة جديدة، أعلنوا: ""سنعيش كجمهورية، وفقًا لمبادئ جمهورية فيدرالية قائمة على الدستور، وسننشئ أمة ديمقراطية تمثيلية يحكم فيها الناس أنفسهم من خلال ممثلين!"" (Q.1). القانون الأعلى الذي يدعم وعدهم كان الدستور (Q.2). لم يكن هذا الدستور مجرد كلمات؛ لقد كان العمود الفقري ووعد الأمة. ضمنه كانت أحكام لتشكيل الحكومة، وتحديد صلاحيات الحكومة، وتحديد إدارات الحكومة، والأهم من ذلك، حماية حقوق الشعب (Q.3). وبدأت الجملة الأولى من الدستور: ""يبدأ الدستور بـ 'نحن الشعب'."" هنا، عبارة ""نحن الشعب"" ترمز إلى الحكم الذاتي، والسيادة الشعبية، وموافقة المحكومين، ووجوب حكم الشعب لأنفسهم، والعقد الاجتماعي (Q.4). ومع ذلك، لم يكن الدستور وثيقة كتبت مرة واحدة وتركت دون تغيير. للسماح بالتعديلات والإضافات مع تغير الأوقات، تم إنشاء تعديلات على دستور الولايات المتحدة من خلال عملية التعديل الدستوري (Q.5). من أشهر هذه التعديلات وثيقة حقوق الإنسان. تحمي هذه الأحكام الحقوق الأساسية للأمريكيين والحقوق الأساسية للأشخاص الذين يعيشون في الولايات المتحدة (Q.6). وحتى الآن، تمت إضافة ما مجموعه 27 تعديلاً إلى الدستور (Q.7). لكن كل شيء بدأ بوثيقة واحدة: إعلان الاستقلال. أعلنت تلك الوثيقة أن الولايات المتحدة حرة من السيطرة البريطانية، وذكرت أن جميع الرجال يولدون متساوين، وعرفت الحقوق غير القابلة للتصرف والحرية الفردية (Q.8، Q.9). نقلت تلك الوثيقة والدستور معًا قيمًا أساسية مثل المساواة، والحرية، والعقد الاجتماعي، والحق في الحياة، والحكومة المحدودة، والحكم الذاتي (Q.10). والكلمات المحفورة بعمق في قلوب الناس، ""الحياة والحرية والسعي وراء السعادة""، جاءت من إعلان الاستقلال (Q.11). بناءً على هذه الأفكار، يتبع اقتصاد الولايات المتحدة مبادئ الرأسمالية واقتصاد السوق الحر (Q.12). ومع ذلك، حتى الأمة الحرة تحتاج إلى نظام. وهكذا، ظهر مفهوم سيادة القانون، الذي يرسخ مبدأ وجوب اتباع الجميع للقانون، ووجوب التزام القادة بالقانون، ووجوب التزام الحكومة بالقانون، وعدم وجود أحد فوق القانون (Q.13). في عملية إنشاء هذا الدستور، كان لإعلان الاستقلال، ومواد الكونفدرالية، ووثائق الفيدرالية، وإعلان فرجينيا للحقوق، والأوامر الأساسية لكونيتيكت، وميثاق ماي فلاور، والقانون العظيم لسلام اتحاد الإيروكوا تأثير كبير (Q.14). وأخيرًا، أنشأت الولايات المتحدة ثلاثة فروع لمنع تركيز السلطة في مكان واحد. هذا هو مبدأ الفصل بين السلطات والضوابط والتوازنات، المصمم بحيث لا يصبح أي فرع قويًا للغاية (Q.15).","Ch1 Sec1 | Questions: [1, 2, 3, 4, 5, 6, 7, 8, 9, 10, 11, 12, 13, 14, 15]"
4,2,0,title,The Lawmakers: Birth of Congress,المشرعون: ولادة الكونغرس,Chapter 2 Title
5,2,0,introduction,"After establishing the Constitution, the Founding Fathers needed an institution to make laws. They created Congress, a special body divided into two chambers, each with its own role.",بعد وضع الدستور، احتاج الآباء المؤسسون إلى مؤسسة لصنع القوانين. لقد أنشأوا الكونغرس، وهو هيئة خاصة مقسمة إلى غرفتين، لكل منها دورها الخاص.,Chapter 2 Introduction
6,2,1,section,"The Founding Fathers, who decided to divide power, separated the government into three branches. The first is the Legislative branch, which makes laws; the second is the Executive branch, which enforces laws; and the third is the Judicial branch, which interprets laws. These are also known as the Congress, the President, and the Courts (Q.16). Among them, the President of the United States is responsible for the Executive branch (Q.17). And the department that writes laws in the federal government is the U.S. Congress, which is the Legislative branch (Q.18).",فصل الآباء المؤسسون، الذين قرروا تقسيم السلطة، الحكومة إلى ثلاثة فروع. الأول هو الفرع التشريعي الذي يضع القوانين؛ والثاني هو الفرع التنفيذي الذي يفرض القوانين؛ والثالث هو الفرع القضائي الذي يفسر القوانين. تُعرف هذه أيضًا بالكونجرس والرئيس والمحاكم (Q.16). ومن بينهم، رئيس الولايات المتحدة مسؤول عن الفرع التنفيذي (Q.17). والإدارة التي تكتب القوانين في الحكومة الفيدرالية هي كونجرس الولايات المتحدة، وهو الفرع التشريعي (Q.18).,"Ch2 Sec1 | Questions: [16, 17, 18]"
7,2,2,section,"This Congress had a special structure. It was divided into two chambers. One is the [ANSWER:Senate] and the other is the [ANSWER:House of Representatives] (Q.19). This Congress had immense power. It could [ANSWER:write bills], decide to [ANSWER:declare war], and was responsible for [ANSWER:creating the federal budget] (Q.20).",كان لهذا الكونجرس هيكل خاص. لقد تم تقسيمه إلى مجلسين. أحدهما هو [الإجابة: مجلس الشيوخ] والآخر هو [الإجابة: مجلس النواب] (س.19). كان لهذا الكونجرس سلطة هائلة. كان بإمكانه [الإجابة: كتابة مشاريع القوانين]، والبت في [الإجابة: إعلان الحرب]، وكان مسؤولاً عن [الإجابة: إنشاء الميزانية الفيدرالية] (س.20).,"Ch2 Sec2 | Questions: [19, 20]"
8,2,3,section,"First, let's learn about the Senate, shall we? There are a total of [ANSWER:100] U.S. Senators (Q.21). Each Senator serves for a term of [ANSWER:6 years], working for a relatively long period (Q.22). Your state also has Senators. Their names vary by state, but each state must have two Senators (Q.23).",أولاً، دعنا نتعرف على مجلس الشيوخ، أليس كذلك؟ يوجد إجمالي [ANSWER:100] من أعضاء مجلس الشيوخ الأمريكي (Q.21). يخدم كل عضو في مجلس الشيوخ لمدة [ANSWER:6 سنوات]، ويعمل لفترة طويلة نسبيًا (Q.22). ولايتك لديها أيضًا أعضاء في مجلس الشيوخ. تختلف أسماؤهم حسب الولاية، ولكن يجب أن يكون لكل ولاية عضوان في مجلس الشيوخ (Q.23).,"Ch2 Sec3 | Questions: [21, 22, 23]"
9,2,4,section,"Now, let's look at the House of Representatives. There are many more members of the House. There are a total of [ANSWER:435] (Q.24). The term for a House member is [ANSWER:2 years], which is shorter than a Senator's term (Q.25). Why do House members have shorter terms? The reason is to [ANSWER:follow public opinion more closely], to hear the voices of the people more often (Q.26). Here's an interesting point. Each state has [ANSWER:2] Senators (Q.27). Why do all states have exactly two? This is to ensure [ANSWER:equal representation for smaller states]. This is famously known as the [ANSWER:Great Compromise], or the [ANSWER:Connecticut Compromise] (Q.28). Your area also has a House member (Q.29), and the House also has a Speaker who leads all members (Q.30).",الآن، دعنا ننظر إلى مجلس النواب. هناك عدد أكبر بكثير من أعضاء المجلس. يوجد إجمالي [ANSWER:435] (Q.24). مدة ولاية عضو مجلس النواب هي [ANSWER:2 سنوات]، وهي أقصر من مدة ولاية عضو مجلس الشيوخ (Q.25). لماذا تكون مدة ولاية أعضاء مجلس النواب أقصر؟ السبب هو [ANSWER:متابعة الرأي العام عن كثب]، لسماع أصوات الناس في كثير من الأحيان (Q.26). هنا نقطة مثيرة للاهتمام. كل ولاية لديها [ANSWER:2] من أعضاء مجلس الشيوخ (Q.27). لماذا يوجد لكل الولايات اثنان بالضبط؟ هذا لضمان [ANSWER:تمثيل متساو للولايات الأصغر]. يُعرف هذا بشكل مشهور باسم [ANSWER:التسوية الكبرى]، أو [ANSWER:تسوية كونيتيكت] (Q.28). منطقتك لديها أيضًا عضو في مجلس النواب (Q.29)، ويوجد في مجلس النواب أيضًا رئيس يقود جميع الأعضاء (Q.30).,"Ch2 Sec4 | Questions: [24, 25, 26, 27, 28, 29, 30]"
10,2,5,section,"So, who do these representatives represent? A Senator represents the [residents of their state] (Q.31). And the people who elect the Senator are also the [residents of their state] (Q.32). House Representatives are a little different. They represent [citizens of their congressional district], or rather, the [people of that district] (Q.33). And the ones who elect the House Representatives are the [citizens of their congressional district] (Q.34). In this way, Congress became an important institution that speaks for the voice of the people.",إذن، من يمثل هؤلاء الممثلون؟ يمثل السناتور [سكان ولايته] (Q.31). والأشخاص الذين ينتخبون السناتور هم أيضًا [سكان ولايته] (Q.32). ممثلو مجلس النواب مختلفون قليلاً. فهم يمثلون [مواطني منطقتهم الانتخابية]، أو بالأحرى، [سكان تلك المنطقة] (Q.33). والذين ينتخبون ممثلي مجلس النواب هم [مواطنو منطقتهم الانتخابية] (Q.34). وبهذه الطريقة، أصبح الكونغرس مؤسسة مهمة تتحدث باسم الشعب.,"Ch2 Sec5 | Questions: [31, 32, 33, 34]"
11,3,0,title,Leading the Nation: The President and Cabinet,قيادة الأمة: الرئيس ومجلس الوزراء,Chapter 3 Title
12,3,0,introduction,The Constitution created three branches of government. Now let's learn about the executive branch—the President and the team that helps lead our nation.,أنشأ الدستور ثلاثة فروع للحكومة. دعنا الآن نتعرف على الفرع التنفيذي - الرئيس والفريق الذي يساعد في قيادة أمتنا.,Chapter 3 Introduction
13,3,1,section,"Finishing our story about Congress, one important question remains. Why do some states have more Representatives than others? The reason is [ANSWER:because of the state's population]. It's [ANSWER:because more people live there], and [ANSWER:because some states have more people] (Q.35). Now, let's move on to the Executive Branch. The President of the United States is elected every [ANSWER:four years] (Q.36). And there's one important rule. A President can only serve two terms, and this is because of the [ANSWER:22nd Amendment to the U.S. Constitution], and [ANSWER:to prevent a president from becoming too powerful] (Q.37).",لإنهاء قصتنا عن الكونغرس، يبقى سؤال مهم. لماذا تمتلك بعض الولايات عددًا أكبر من الممثلين من غيرها؟ السبب هو [ANSWER:بسبب عدد سكان الولاية]. إنه [ANSWER:لأن المزيد من الناس يعيشون هناك]، و [ANSWER:لأن بعض الولايات بها عدد أكبر من السكان] (س.35). الآن، دعنا ننتقل إلى الفرع التنفيذي. يتم انتخاب رئيس الولايات المتحدة كل [ANSWER:أربع سنوات] (س.36). وهناك قاعدة مهمة واحدة. لا يمكن للرئيس أن يخدم إلا لفترتين، وهذا بسبب [ANSWER:التعديل الثاني والعشرين لدستور الولايات المتحدة]، و [ANSWER:لمنع الرئيس من أن يصبح قويًا جدًا] (س.37).,"Ch3 Sec1 | Questions: [35, 36, 37]"
14,3,2,section,"There are leaders currently leading the United States. Since the names of the current U.S. President and Vice President change with time, you should check for the latest information (Q.38, Q.39).",هناك قادة يقودون الولايات المتحدة حاليًا. نظرًا لأن أسماء الرئيس ونائب الرئيس الأمريكيين الحاليين تتغير بمرور الوقت، يجب عليك التحقق من أحدث المعلومات (س38، س39).,"Ch3 Sec2 | Questions: [38, 39]"
15,3,3,section,"What if the President can no longer perform his duties? Then the [ANSWER:Vice President] becomes President (Q.40). The President has powerful authority. He can [ANSWER:sign bills into law], [ANSWER:veto bills], and is in charge of [ANSWER:enforcing laws]. He is also the [ANSWER:Commander-in-Chief of the military] and the [ANSWER:chief diplomat], and [ANSWER:appoints federal judges] (Q.41). In particular, the Commander-in-Chief of the military is the [ANSWER:President] (Q.42). The person who signs bills into law is also the [ANSWER:President] (Q.43), and the person who vetoes bills is also the [ANSWER:President] (Q.44). And the person who appoints federal judges is also the [ANSWER:President of the United States] (Q.45).",ماذا لو لم يعد الرئيس قادراً على أداء واجباته؟ حينها يصبح [الإجابة: نائب الرئيس] رئيساً (س 40). يتمتع الرئيس بسلطة قوية. يمكنه [الإجابة: توقيع مشاريع القوانين لتصبح قوانين]، و [الإجابة: الاعتراض على مشاريع القوانين]، وهو مسؤول عن [الإجابة: تنفيذ القوانين]. وهو أيضاً [الإجابة: القائد العام للقوات المسلحة] و [الإجابة: كبير الدبلوماسيين]، و [الإجابة: يعين القضاة الفيدراليين] (س 41). على وجه الخصوص، القائد العام للقوات المسلحة هو [الإجابة: الرئيس] (س 42). الشخص الذي يوقع مشاريع القوانين لتصبح قوانين هو أيضاً [الإجابة: الرئيس] (س 43)، والشخص الذي يعترض على مشاريع القوانين هو أيضاً [الإجابة: الرئيس] (س 44). والشخص الذي يعين القضاة الفيدراليين هو أيضاً [الإجابة: رئيس الولايات المتحدة] (س 45).,"Ch3 Sec3 | Questions: [40, 41, 42, 43, 44, 45]"
16,3,4,section,"The President alone cannot do everything. The Executive Branch has many departments. These include [ANSWER:the U.S. President], [ANSWER:the Cabinet], and [ANSWER:federal departments and agencies] (Q.46). What do the President's cabinet members do? They [ANSWER:advise and assist the President] (Q.47).",الرئيس وحده لا يستطيع فعل كل شيء. لدى الفرع التنفيذي العديد من الإدارات. وتشمل هذه [ANSWER:رئيس الولايات المتحدة]، [ANSWER:مجلس الوزراء]، و [ANSWER:الوزارات والوكالات الفيدرالية] (س 46). ماذا يفعل أعضاء مجلس وزراء الرئيس؟ إنهم [ANSWER:يقدمون المشورة ويساعدون الرئيس] (س 47).,"Ch3 Sec4 | Questions: [46, 47]"
17,3,5,section,I'm still learning and can't help with that. Do you need help with anything else?,ما زلت أتعلم ولا يمكنني المساعدة في ذلك. هل تحتاج إلى أي مساعدة أخرى؟,"Ch3 Sec5 | Questions: [48, 49]"
18,4,0,title,Guardians of Justice: The Supreme Court and Judiciary,حراس العدالة: المحكمة العليا والقضاء,Chapter 4 Title
19,4,0,introduction,"Making and enforcing laws is important, but we also need someone to judge whether those laws are applied fairly. This is the role of the judicial branch.",صنع القوانين وتطبيقها مهم، ولكننا نحتاج أيضًا إلى شخص للحكم على ما إذا كانت هذه القوانين مطبقة بشكل عادل. هذا هو دور السلطة القضائية.,Chapter 4 Introduction
20,4,1,section,"Let's look at the Judicial branch, the last institution of the separation of powers. One department of the Judicial branch includes the [ANSWER:Supreme Court] and the [ANSWER:Federal Courts] (Q.50). What does the Judicial branch do? They [ANSWER:review laws], [ANSWER:interpret laws], [ANSWER:resolve disputes or disagreements about laws], and [ANSWER:determine if laws violate the Constitution] (Q.51). And the highest court in the United States is the [ANSWER:Supreme Court] (Q.52).",دعونا ننظر إلى السلطة القضائية، وهي المؤسسة الأخيرة في فصل السلطات. أحد أقسام السلطة القضائية يشمل [ANSWER:المحكمة العليا] و [ANSWER:المحاكم الفيدرالية] (Q.50). ماذا تفعل السلطة القضائية؟ إنهم [ANSWER:يراجعون القوانين]، [ANSWER:يفسرون القوانين]، [ANSWER:يحلون النزاعات أو الخلافات حول القوانين]، و [ANSWER:يحددون ما إذا كانت القوانين تنتهك الدستور] (Q.51). وأعلى محكمة في الولايات المتحدة هي [ANSWER:المحكمة العليا] (Q.52).,"Ch4 Sec1 | Questions: [50, 51, 52]"
21,4,2,section,"The Supreme Court has a total of [ANSWER:9] Supreme Court justices (Q.53). Usually, [ANSWER:5] justices are needed to make a ruling (Q.54). Supreme Court justices have a very special tenure. They work for [ANSWER:life], that is, they are [ANSWER:appointed for life] and serve [ANSWER:until retirement] (Q.55). Why do Supreme Court justices hold their positions for life? The reasons are to be [ANSWER:independent from politics] and to [ANSWER:limit the influence of external politics] (Q.56).",تضم المحكمة العليا ما مجموعه [ANSWER:9] قضاة (Q.53). وعادةً، يلزم [ANSWER:5] قضاة لإصدار حكم (Q.54). يتمتع قضاة المحكمة العليا بفترة ولاية خاصة جدًا. فهم يعملون [ANSWER:مدى الحياة]، أي أنهم [ANSWER:يعينون مدى الحياة] ويخدمون [ANSWER:حتى التقاعد] (Q.55). لماذا يشغل قضاة المحكمة العليا مناصبهم مدى الحياة؟ الأسباب هي أن يكونوا [ANSWER:مستقلين عن السياسة] و[ANSWER:للحد من تأثير السياسة الخارجية] (Q.56).,"Ch4 Sec2 | Questions: [53, 54, 55, 56]"
22,4,3,section,"The Chief Justice of the U.S. Supreme Court changes over time, so you must check the latest information (Q.57). Now, let's look at the powers of the federal government and state governments. Powers exclusively for the federal government include [ANSWER:printing money], [ANSWER:coining money], [ANSWER:declaring war], [ANSWER:creating an army], [ANSWER:making treaties], and [ANSWER:setting foreign policy] (Q.58). On the other hand, powers exclusively for the states include [ANSWER:providing schooling and education], [ANSWER:providing protection] (police), [ANSWER:providing safety] (fire departments), [ANSWER:issuing a driver's license], and [ANSWER:approving zoning and land use] (Q.59). What is the purpose of the 10th Amendment? It states that [ANSWER:the powers not given to the federal government belong to the states or to the people] (Q.60). Your state also has a governor (Q.61) and a state capital (Q.62).",يتغير رئيس قضاة المحكمة العليا الأمريكية بمرور الوقت، لذلك يجب عليك التحقق من أحدث المعلومات (Q.57). الآن، دعنا نلقي نظرة على صلاحيات الحكومة الفيدرالية وحكومات الولايات. تشمل الصلاحيات المخصصة حصريًا للحكومة الفيدرالية [ANSWER:طباعة النقود]، [ANSWER:سك النقود]، [ANSWER:إعلان الحرب]، [ANSWER:إنشاء جيش]، [ANSWER:إبرام المعاهدات]، و [ANSWER:وضع السياسة الخارجية] (Q.58). من ناحية أخرى، تشمل الصلاحيات المخصصة حصريًا للولايات [ANSWER:توفير التعليم والمدارس]، [ANSWER:توفير الحماية] (الشرطة)، [ANSWER:توفير السلامة] (إدارات الإطفاء)، [ANSWER:إصدار رخصة القيادة]، و [ANSWER:الموافقة على تقسيم المناطق واستخدام الأراضي] (Q.59). ما هو الغرض من التعديل العاشر؟ ينص على أن [ANSWER:الصلاحيات غير الممنوحة للحكومة الفيدرالية تعود للولايات أو للشعب] (Q.60). لولايتك أيضًا حاكم (Q.61) وعاصمة ولاية (Q.62).,"Ch4 Sec3 | Questions: [57, 58, 59, 60, 61, 62]"
23,5,0,title,Rights and Responsibilities: Freedom and Duty,الحقوق والمسؤوليات: الحرية والواجب,Chapter 5 Title
24,5,0,introduction,"Now that we understand the government's structure, it's time to learn about our rights and responsibilities as citizens. To live in a free country, responsibilities are just as important as rights.",الآن بعد أن فهمنا هيكل الحكومة، حان الوقت للتعرف على حقوقنا ومسؤولياتنا كمواطنين. للعيش في بلد حر، المسؤوليات لا تقل أهمية عن الحقوق.,Chapter 5 Introduction
25,5,1,section,"The Constitution has four amendments about who can vote. [ANSWER:Citizens 18 years and older can vote], [ANSWER:you don't have to pay a poll tax to vote], and [ANSWER:any citizen can vote] (women or men). Also, [ANSWER:male citizens of any race can vote] (Q.63). So who can vote in federal elections, run for federal office, and serve as a juror in the United States? It's the [ANSWER:citizens], that is, [ANSWER:citizens of the United States], [ANSWER:U.S. citizens] (Q.64). But there are also rights that everyone living in the United States has. These are [ANSWER:freedom of expression], [ANSWER:freedom of speech], [ANSWER:freedom of assembly], [ANSWER:freedom to petition the government], [ANSWER:freedom of religion], and [ANSWER:the right to bear arms] (Q.65).",يحتوي الدستور على أربعة تعديلات حول من يمكنه التصويت. [الإجابة: يمكن للمواطنين الذين يبلغون 18 عامًا فما فوق التصويت]، [الإجابة: لا يتوجب عليك دفع ضريبة اقتراع للتصويت]، و [الإجابة: يمكن لأي مواطن التصويت] (نساء أو رجال). أيضًا، [الإجابة: يمكن للمواطنين الذكور من أي عرق التصويت] (س63). فمن يمكنه التصويت في الانتخابات الفيدرالية، والترشح للمناصب الفيدرالية، والعمل كعضو هيئة محلفين في الولايات المتحدة؟ إنهم [الإجابة: المواطنون]، أي [الإجابة: مواطنو الولايات المتحدة]، [الإجابة: مواطنو الولايات المتحدة الأمريكية] (س64). ولكن هناك أيضًا حقوق يتمتع بها كل من يعيش في الولايات المتحدة. هذه هي [الإجابة: حرية التعبير]، [الإجابة: حرية الكلام]، [الإجابة: حرية التجمع]، [الإجابة: حرية تقديم الالتماسات للحكومة]، [الإجابة: حرية الدين]، و [الإجابة: الحق في حمل السلاح] (س65).,"Ch5 Sec1 | Questions: [63, 64, 65]"
26,5,2,section,"When we say the Pledge of Allegiance, to what do we pledge our loyalty? We pledge loyalty to the [ANSWER:United States] and to the [ANSWER:flag] (Q.66). In the Oath of Allegiance for new citizens, two important promises are made: to [ANSWER:give up loyalty to other countries], to [ANSWER:defend the United States], to [ANSWER:obey the Constitution], to [ANSWER:obey the laws of the United States], to [ANSWER:serve in the U.S. military] if needed, to [ANSWER:perform important work for the nation] if needed, and to [ANSWER:be loyal to the United States] (Q.67). So, how do people become U.S. citizens? People become citizens by [ANSWER:being born in the United States under the conditions specified in the 14th Amendment to the U.S. Constitution], through [ANSWER:naturalization], or by [ANSWER:obtaining citizenship] (according to conditions set by Congress) (Q.68).",عندما نقول قسم الولاء، لمن نعهد بولائنا؟ نعهد بالولاء لـ [ANSWER:الولايات المتحدة] و [ANSWER:العلم] (س.66). في قسم الولاء للمواطنين الجدد، يتم تقديم وعدين مهمين: [ANSWER:التخلي عن الولاء للبلدان الأخرى]، و [ANSWER:الدفاع عن الولايات المتحدة]، و [ANSWER:طاعة الدستور]، و [ANSWER:طاعة قوانين الولايات المتحدة]، و [ANSWER:الخدمة في الجيش الأمريكي] إذا لزم الأمر، و [ANSWER:أداء عمل مهم للأمة] إذا لزم الأمر، و [ANSWER:أن تكون مخلصًا للولايات المتحدة] (س.67). إذن، كيف يصبح الناس مواطنين أمريكيين؟ يصبح الناس مواطنين عن طريق [ANSWER:الولادة في الولايات المتحدة بموجب الشروط المحددة في التعديل الرابع عشر لدستور الولايات المتحدة]، أو من خلال [ANSWER:التجنس]، أو عن طريق [ANSWER:الحصول على الجنسية] (وفقًا للشروط التي يحددها الكونجرس) (س.68).,"Ch5 Sec2 | Questions: [66, 67, 68]"
27,5,3,section,"There are many ways for citizens to participate in America. These include [ANSWER:voting], [ANSWER:running for office], [ANSWER:joining a political party], [ANSWER:helping with a campaign], [ANSWER:joining a civic group], [ANSWER:joining a local group], [ANSWER:giving an elected official your opinion on an issue], [ANSWER:calling Senators and Representatives], [ANSWER:publicly supporting or opposing an issue or policy], and [ANSWER:writing to a newspaper] (Q.69). There are also various ways for Americans to serve their country. These include [ANSWER:voting], [ANSWER:paying taxes], [ANSWER:obeying the law], [ANSWER:serving in the military], [ANSWER:running for office], and [ANSWER:serving in local, state, or federal government] (Q.70). Why is it important to pay federal taxes? It is [ANSWER:required by law], and [ANSWER:everyone pays taxes to support the federal government]. It is [ANSWER:what America requires], and it is a [ANSWER:civic duty] specified in the [ANSWER:16th Amendment to the Constitution] (Q.71). Finally, all men aged 18 to 25 must register with Selective Service because it is [ANSWER:required by law], it is a [ANSWER:civic duty], and it is to [ANSWER:make the draft fair, if needed] (Q.72).",هناك العديد من الطرق للمواطنين للمشاركة في أمريكا. وتشمل هذه [ANSWER:التصويت]، [ANSWER:الترشح للمناصب]، [ANSWER:الانضمام إلى حزب سياسي]، [ANSWER:المساعدة في حملة انتخابية]، [ANSWER:الانضمام إلى مجموعة مدنية]، [ANSWER:الانضمام إلى مجموعة محلية]، [ANSWER:إعطاء رأيك في قضية لمسؤول منتخب]، [ANSWER:الاتصال بأعضاء مجلس الشيوخ والنواب]، [ANSWER:الدعم العلني أو معارضة قضية أو سياسة]، و [ANSWER:الكتابة إلى صحيفة] (س.69). هناك أيضًا طرق مختلفة للأمريكيين لخدمة بلدهم. وتشمل هذه [ANSWER:التصويت]، [ANSWER:دفع الضرائب]، [ANSWER:الامتثال للقانون]، [ANSWER:الخدمة في الجيش]، [ANSWER:الترشح للمناصب]، و [ANSWER:الخدمة في الحكومة المحلية أو الولائية أو الفيدرالية] (س.70). لماذا من المهم دفع الضرائب الفيدرالية؟ إنها [ANSWER:مطلوبة بموجب القانون]، و [ANSWER:يدفع الجميع الضرائب لدعم الحكومة الفيدرالية]. إنها [ANSWER:ما تتطلبه أمريكا]، وهي [ANSWER:واجب مدني] محدد في [ANSWER:التعديل السادس عشر للدستور] (س.71). أخيرًا، يجب على جميع الرجال الذين تتراوح أعمارهم بين 18 و 25 عامًا التسجيل في الخدمة الانتقائية لأنها [ANSWER:مطلوبة بموجب القانون]، وهي [ANSWER:واجب مدني]، ول [ANSWER:جعل التجنيد عادلاً، إذا لزم الأمر] (س.72).,"Ch5 Sec3 | Questions: [69, 70, 71, 72]"
28,6,0,title,Journey to Freedom: From Colonies to Independence,رحلة إلى الحرية: من المستعمرات إلى الاستقلال,Chapter 6 Title
29,6,0,introduction,"It's time to learn how America was born. Long ago, people dreaming of a new life crossed the Atlantic Ocean to this land, and their descendants fought for freedom.",حان الوقت لنتعلم كيف وُلدت أمريكا. منذ زمن بعيد، عبر أناس يحلمون بحياة جديدة المحيط الأطلسي إلى هذه الأرض، وقاتل أحفادهم من أجل الحرية.,Chapter 6 Introduction
30,6,1,section,"The colonists came to America for many reasons: [ANSWER:freedom], [ANSWER:political liberty], [ANSWER:religious freedom], [ANSWER:economic opportunity], and to [ANSWER:escape persecution] (Q.73). However, before the Europeans arrived, people already lived on this land. They were the [ANSWER:American Indians], also known as [ANSWER:Native Americans] (Q.74). There was also a sad history: [ANSWER:Africans], or [ANSWER:people from Africa], were captured and sold as slaves (Q.75). Over time, the colonists became unhappy with British rule, and eventually, Americans fought a war to gain independence from Britain. This was the [ANSWER:American Revolution], also known as [ANSWER:the American Revolutionary War], or the [ANSWER:War for American Independence] (Q.76). There were many reasons why the United States declared its independence from Great Britain, including [ANSWER:high taxes], [ANSWER:taxation without representation], [ANSWER:British soldiers stayed in colonists' houses], [ANSWER:no self-government], [ANSWER:the Boston Massacre], and [ANSWER:the Boston Tea Party] (Q.77).",جاء المستعمرون إلى أمريكا لأسباب عديدة: [الإجابة:الحرية]، [الإجابة:الحرية السياسية]، [الإجابة:الحرية الدينية]، [الإجابة:الفرصة الاقتصادية]، و [الإجابة:الهروب من الاضطهاد] (س.73). ومع ذلك، قبل وصول الأوروبيين، كان الناس يعيشون بالفعل على هذه الأرض. كانوا [الإجابة:الهنود الأمريكيون]، المعروفون أيضاً باسم [الإجابة:السكان الأصليون لأمريكا] (س.74). كان هناك أيضاً تاريخ حزين: [الإجابة:الأفارقة]، أو [الإجابة:الأشخاص من إفريقيا]، تم أسرهم وبيعهم كعبيد (س.75). مع مرور الوقت، أصبح المستعمرون غير راضين عن الحكم البريطاني، وفي النهاية، خاض الأمريكيون حرباً لكسب الاستقلال عن بريطانيا. كانت هذه [الإجابة:الثورة الأمريكية]، والمعروفة أيضاً باسم [الإجابة:الحرب الثورية الأمريكية]، أو [الإجابة:حرب الاستقلال الأمريكية] (س.76). كانت هناك أسباب عديدة لإعلان الولايات المتحدة استقلالها عن بريطانيا العظمى، بما في ذلك [الإجابة:الضرائب المرتفعة]، [الإجابة:الضرائب بدون تمثيل]، [الإجابة:بقاء الجنود البريطانيين في منازل المستعمرين]، [الإجابة:عدم وجود حكم ذاتي]، [الإجابة:مذبحة بوسطن]، و [الإجابة:حفلة شاي بوسطن] (س.77).,"Ch6 Sec1 | Questions: [73, 74, 75, 76, 77]"
31,6,2,section,"The Declaration of Independence was written by [ANSWER:Thomas Jefferson] (Q.78). And the date the Declaration of Independence was adopted is [ANSWER:July 4, 1776] (Q.79). There were many important events during the American Revolution. These included the [ANSWER:Battle of Bunker Hill], the [ANSWER:Declaration of Independence], [ANSWER:Washington's Crossing of the Delaware], the [ANSWER:Battle of Saratoga], the [ANSWER:Encampment at Valley Forge], and the [ANSWER:Battle of Yorktown] (Q.80). Initially, there were 13 states: [ANSWER:New Hampshire], [ANSWER:Massachusetts], [ANSWER:Rhode Island], [ANSWER:Connecticut], [ANSWER:New York], [ANSWER:New Jersey], [ANSWER:Pennsylvania], [ANSWER:Delaware], [ANSWER:Maryland], [ANSWER:Virginia], [ANSWER:North Carolina], [ANSWER:South Carolina], and [ANSWER:Georgia] (Q.81). And in 1787, an important founding document was drafted. That was the [ANSWER:U.S. Constitution] (Q.82).",تمت كتابة إعلان الاستقلال بواسطة [ANSWER: توماس جيفرسون] (Q.78). وتاريخ اعتماد إعلان الاستقلال هو [ANSWER: 4 يوليو 1776] (Q.79). كانت هناك العديد من الأحداث الهامة خلال الثورة الأمريكية. وشملت هذه [ANSWER: معركة بنكر هيل]، [ANSWER: إعلان الاستقلال]، [ANSWER: عبور واشنطن لنهر ديلاوير]، [ANSWER: معركة ساراتوجا]، [ANSWER: معسكر فالي فورج]، و[ANSWER: معركة يوركتاون] (Q.80). في البداية، كانت هناك 13 ولاية: [ANSWER: نيوهامبشير]، [ANSWER: ماساتشوستس]، [ANSWER: رود آيلاند]، [ANSWER: كونيتيكت]، [ANSWER: نيويورك]، [ANSWER: نيوجيرسي]، [ANSWER: بنسلفانيا]، [ANSWER: ديلاوير]، [ANSWER: ماريلاند]، [ANSWER: فيرجينيا]، [ANSWER: كارولينا الشمالية]، [ANSWER: كارولينا الجنوبية]، و[ANSWER: جورجيا] (Q.81). وفي عام 1787، تم صياغة وثيقة تأسيسية هامة. وكانت تلك هي [ANSWER: دستور الولايات المتحدة] (Q.82).,"Ch6 Sec2 | Questions: [78, 79, 80, 81, 82]"
32,6,3,section,"The Federalist Papers supported the passage of the U.S. Constitution. Its authors were known by the pseudonym [ANSWER:Publius], either [ANSWER:James Madison], [ANSWER:Alexander Hamilton], or [ANSWER:John Jay] (Q.83). The Federalist Papers are important because they [ANSWER:helped people understand the U.S. Constitution] and [ANSWER:supported the passage of the U.S. Constitution] (Q.84). Benjamin Franklin is famous for many reasons, including [ANSWER:founding the first free public libraries], [ANSWER:being the first Postmaster General of the U.S.], [ANSWER:helping to write the Declaration of Independence], [ANSWER:being an inventor], and [ANSWER:being a U.S. diplomat] (Q.85). George Washington is famous as [ANSWER:the Father of Our Country], [ANSWER:the first President of the United States], [ANSWER:the General of the Continental Army], and [ANSWER:the President of the Constitutional Convention] (Q.86).",لقد دعمت أوراق الفيدراليين إقرار دستور الولايات المتحدة. كان مؤلفوها معروفين بالاسم المستعار [ANSWER:ببليوس]، إما [ANSWER:جيمس ماديسون]، أو [ANSWER:ألكسندر هاملتون]، أو [ANSWER:جون جاي] (Q.83). تعتبر أوراق الفيدراليين مهمة لأنها [ANSWER:ساعدت الناس على فهم دستور الولايات المتحدة] و [ANSWER:دعمت إقرار دستور الولايات المتحدة] (Q.84). يشتهر بنجامين فرانكلين بالعديد من الأسباب، بما في ذلك [ANSWER:تأسيس أول مكتبات عامة مجانية]، [ANSWER:كونه أول مدير عام للبريد في الولايات المتحدة]، [ANSWER:المساعدة في كتابة إعلان الاستقلال]، [ANSWER:كونه مخترعًا]، و [ANSWER:كونه دبلوماسيًا أمريكيًا] (Q.85). يشتهر جورج واشنطن بكونه [ANSWER:أبا بلادنا]، [ANSWER:أول رئيس للولايات المتحدة]، [ANSWER:قائد الجيش القاري]، و [ANSWER:رئيس المؤتمر الدستوري] (Q.86).,"Ch6 Sec3 | Questions: [83, 84, 85, 86]"
33,6,4,section,"Thomas Jefferson is famous for various reasons. These include being the [ANSWER:Author of the Declaration of Independence], [ANSWER:Third President of the United States], [ANSWER:Doubled the size of the U.S. territory with the Louisiana Purchase], [ANSWER:First Secretary of State], and [ANSWER:Founder of the University of Virginia] (Q.87). James Madison is known as the [ANSWER:Father of the Constitution], [ANSWER:Fourth President of the United States], [ANSWER:President during the War of 1812], and [ANSWER:One of the writers of the Federalist Papers] (Q.88). Alexander Hamilton is famous as the [ANSWER:First Secretary of the Treasury], [ANSWER:One of the writers of the Federalist Papers], [ANSWER:Helped establish the first bank of the United States], and [ANSWER:Aide to General George Washington] (Q.89). Lastly, the territory the United States bought from France in 1803 was the [ANSWER:Louisiana Territory], or [ANSWER:Louisiana] (Q.90).",يشتهر توماس جيفرسون لأسباب مختلفة. وتشمل هذه كونه [ANSWER:مؤلف إعلان الاستقلال]، [ANSWER:الرئيس الثالث للولايات المتحدة]، [ANSWER:ضاعف حجم أراضي الولايات المتحدة بصفقة شراء لويزيانا]، [ANSWER:أول وزير خارجية]، و [ANSWER:مؤسس جامعة فيرجينيا] (Q.87). يُعرف جيمس ماديسون بأنه [ANSWER:أبو الدستور]، [ANSWER:الرئيس الرابع للولايات المتحدة]، [ANSWER:الرئيس خلال حرب عام 1812]، و [ANSWER:أحد كتاب الأوراق الفيدرالية] (Q.88). يشتهر ألكسندر هاميلتون بصفته [ANSWER:أول وزير للخزانة]، [ANSWER:أحد كتاب الأوراق الفيدرالية]، [ANSWER:ساعد في إنشاء أول بنك للولايات المتحدة]، و [ANSWER:مساعد الجنرال جورج واشنطن] (Q.89). أخيرًا، الإقليم الذي اشترته الولايات المتحدة من فرنسا عام 1803 كان [ANSWER:إقليم لويزيانا]، أو [ANSWER:لويزيانا] (Q.90).,"Ch6 Sec4 | Questions: [87, 88, 89, 90]"
34,7,0,title,Trials and Growth: America in the 1800s,تجارب ونمو: أمريكا في القرن التاسع عشر,Chapter 7 Title
35,7,0,introduction,"The 1800s were a time of great trials for America. There were wars and conflicts, but within them were also great steps toward freedom and equality.",كانت فترة ثمانينيات القرن التاسع عشر فترة محفوفة بالعديد من التجارب لأمريكا. لقد شهدت حروبًا وصراعات، ولكنها أيضًا شهدت خطوات عظيمة نحو الحرية والمساواة.,Chapter 7 Introduction
36,7,1,section,"In the 1800s, America fought several wars. These included the [ANSWER:War of 1812], the [ANSWER:Mexican-American War], the [ANSWER:Civil War], and the [ANSWER:Spanish-American War] (Q.91). The most tragic of these was the [ANSWER:Civil War], fought between the North and the South (Q.92). Many important events occurred during the Civil War. These included the [ANSWER:Battle of Fort Sumter], the [ANSWER:Emancipation Proclamation], the [ANSWER:Battle of Vicksburg], the [ANSWER:Battle of Gettysburg], [ANSWER:Sherman's March], [ANSWER:Appomattox Surrender], and [ANSWER:Lincoln's Assassination] (Q.93). The greatest leader of this period was Abraham Lincoln. He [ANSWER:freed the slaves], [ANSWER:preserved the Union], [ANSWER:led the United States during the Civil War], was the [ANSWER:16th President of the United States], and is famous for the [ANSWER:Gettysburg Address] (Q.94). The Emancipation Proclamation [ANSWER:freed the slaves], [ANSWER:freed slaves in the Confederacy], and [ANSWER:freed slaves in most Southern states] (Q.95).",في القرن التاسع عشر، خاضت أمريكا عدة حروب. وشملت هذه [الإجابة: حرب عام 1812]، و[الإجابة: الحرب المكسيكية الأمريكية]، و[الإجابة: الحرب الأهلية]، و[الإجابة: الحرب الإسبانية الأمريكية] (س 91). وكانت أكثرها مأساوية [الإجابة: الحرب الأهلية]، التي دارت بين الشمال والجنوب (س 92). وقعت العديد من الأحداث الهامة خلال الحرب الأهلية. وشملت هذه [الإجابة: معركة فورت سمتر]، و[الإجابة: إعلان تحرير العبيد]، و[الإجابة: معركة فيكسبيرغ]، و[الإجابة: معركة جيتيسبيرغ]، و[الإجابة: مسيرة شيرمان]، و[الإجابة: استسلام أبوماتوكس]، و[الإجابة: اغتيال لينكولن] (س 93). كان أعظم قائد في هذه الفترة هو أبراهام لينكولن. وقد [الإجابة: حرر العبيد]، و[الإجابة: حافظ على الاتحاد]، و[الإجابة: قاد الولايات المتحدة خلال الحرب الأهلية]، وكان [الإجابة: الرئيس السادس عشر للولايات المتحدة]، ويشتهر بـ [الإجابة: خطاب جيتيسبيرغ] (س 94). إعلان تحرير العبيد [الإجابة: حرر العبيد]، و[الإجابة: حرر العبيد في الكونفدرالية]، و[الإجابة: حرر العبيد في معظم الولايات الجنوبية] (س 95).,"Ch7 Sec1 | Questions: [91, 92, 93, 94, 95]"
37,7,2,section,"The [ANSWER:American Civil War] ended slavery in the United States (Q.96). After the war, important constitutional amendments were made. The [ANSWER:14th Amendment to the U.S. Constitution] defined all persons born or naturalized in the United States and subject to its jurisdiction as citizens of the United States (Q.97). And it was [ANSWER:after the Civil War], [ANSWER:during the Reconstruction Era], by the [ANSWER:15th Amendment to the U.S. Constitution], in [ANSWER:1870], that all men gained the right to vote (Q.98). Leaders of the women's rights movement in the 1800s included [ANSWER:Susan B. Anthony], [ANSWER:Elizabeth Cady Stanton], [ANSWER:Sojourner Truth], and [ANSWER:Harriet Tubman] (Q.99).",أنهت [الإجابة:الحرب الأهلية الأمريكية] العبودية في الولايات المتحدة (س 96). بعد الحرب، تم إجراء تعديلات دستورية مهمة. عرّف [الإجابة:التعديل الرابع عشر لدستور الولايات المتحدة] جميع الأشخاص المولودين أو المتجنسين في الولايات المتحدة والخاضعين لولايتها القضائية كمواطنين للولايات المتحدة (س 97). وكان [الإجابة:بعد الحرب الأهلية]، [الإجابة:خلال عصر إعادة الإعمار]، بموجب [الإجابة:التعديل الخامس عشر لدستور الولايات المتحدة]، في [الإجابة:1870]، أن جميع الرجال حصلوا على حق التصويت (س 98). شمل قادة حركة حقوق المرأة في القرن التاسع عشر [الإجابة:سوزان ب. أنتوني]، [الإجابة:إليزابيث كادي ستانتون]، [الإجابة:سوجورنر تروث]، و [الإجابة:هارييت توبمان] (س 99).,"Ch7 Sec2 | Questions: [96, 97, 98, 99]"
38,7,3,section,"In the 1900s, the United States fought other wars, including [ANSWER:World War I], [ANSWER:World War II], [ANSWER:Korean War], [ANSWER:Vietnam War], and [ANSWER:Persian Gulf War] (Q.100). The reasons the United States entered World War I were [ANSWER:Germany attacking U.S. civilian ships] and [ANSWER:to support the Allied Powers] (Q.101). All women gained the right to vote in [ANSWER:1920], [ANSWER:after World War I], through the [ANSWER:19th Amendment to the U.S. Constitution] (Q.102). The Great Depression was [ANSWER:the longest economic recession in modern history] (Q.103). The Great Depression began with [ANSWER:the Great Crash of 1929], or [ANSWER:the stock market crash of 1929] (Q.104). The president during the Great Depression and World War II was [ANSWER:Franklin Roosevelt] (Q.105). The reasons the United States entered World War II were [ANSWER:the bombing of Pearl Harbor], [ANSWER:Japan's attack on Pearl Harbor], [ANSWER:to support the Allied Powers], and [ANSWER:to oppose the Axis Powers] (Q.106). Dwight Eisenhower is famous as [ANSWER:a general during World War II], [ANSWER:president at the end of the Korean War], [ANSWER:the 34th President of the United States], and for [ANSWER:signing the Federal-Aid Highway Act of 1956] (Q.107).",في القرن العشرين، خاضت الولايات المتحدة حروبًا أخرى، بما في ذلك [ANSWER:الحرب العالمية الأولى]، [ANSWER:الحرب العالمية الثانية]، [ANSWER:الحرب الكورية]، [ANSWER:حرب فيتنام]، و [ANSWER:حرب الخليج الفارسي] (Q.100). كانت الأسباب التي دفعت الولايات المتحدة لدخول الحرب العالمية الأولى هي [ANSWER:هجوم ألمانيا على السفن المدنية الأمريكية] و [ANSWER:دعم قوات الحلفاء] (Q.101). حصلت جميع النساء على حق التصويت في [ANSWER:1920]، [ANSWER:بعد الحرب العالمية الأولى]، من خلال [ANSWER:التعديل التاسع عشر لدستور الولايات المتحدة] (Q.102). كان الكساد الكبير هو [ANSWER:أطول ركود اقتصادي في التاريخ الحديث] (Q.103). بدأ الكساد الكبير بـ [ANSWER:الانهيار العظيم عام 1929]، أو [ANSWER:انهيار سوق الأسهم عام 1929] (Q.104). كان الرئيس خلال الكساد الكبير والحرب العالمية الثانية هو [ANSWER:فرانكلين روزفلت] (Q.105). كانت الأسباب التي دفعت الولايات المتحدة لدخول الحرب العالمية الثانية هي [ANSWER:قصف بيرل هاربور]، [ANSWER:هجوم اليابان على بيرل هاربور]، [ANSWER:دعم قوات الحلفاء]، و [ANSWER:معارضة دول المحور] (Q.106). يشتهر دوايت أيزنهاور بأنه [ANSWER:جنرال خلال الحرب العالمية الثانية]، [ANSWER:رئيس في نهاية الحرب الكورية]، [ANSWER:الرئيس الرابع والثلاثون للولايات المتحدة]، و [ANSWER:لتوقيعه قانون المساعدة الفيدرالية للطرق السريعة لعام 1956] (Q.107).,"Ch7 Sec3 | Questions: [100, 101, 102, 103, 104, 105, 106, 107]"
39,8,0,title,Modern America and Proud Symbols,أمريكا الحديثة ورموز الفخر,Chapter 8 Title
40,8,0,introduction,"America's journey continues. Even in modern times, America has faced many challenges and upheld the values of freedom and equality. Now let's learn about the symbols that represent America.",تستمر رحلة أمريكا. حتى في العصر الحديث، واجهت أمريكا العديد من التحديات وحافظت على قيم الحرية والمساواة. الآن دعنا نتعرف على الرموز التي تمثل أمريكا.,Chapter 8 Introduction
41,8,1,section,"During the Cold War, America's main rivals were the Soviet Union, also known as the Soviet Union or Russia (Q.108). During the Cold War, America's biggest worries were Communism and nuclear war (Q.109). The United States participated in the Korean War to stop the spread of Communism (Q.110), and for the same reason, participated in the Vietnam War (Q.111). American civil rights movements fought to end racial discrimination (Q.112). Martin Luther King, Jr. fought for civil rights, struggled for equality in America, and worked for people to be judged by who they are, not by the color of their skin (Q.113). The United States participated in the Persian Gulf War to drive the Iraqi army out of Kuwait (Q.114).",خلال الحرب الباردة، كان المنافسون الرئيسيون لأمريكا هم الاتحاد السوفيتي، المعروف أيضًا بالاتحاد السوفيتي أو روسيا (Q.108). خلال الحرب الباردة، كانت أكبر مخاوف أمريكا هي الشيوعية والحرب النووية (Q.109). شاركت الولايات المتحدة في الحرب الكورية لوقف انتشار الشيوعية (Q.110)، وللسبب نفسه، شاركت في حرب فيتنام (Q.111). حاربت حركات الحقوق المدنية الأمريكية لإنهاء التمييز العنصري (Q.112). ناضل مارتن لوثر كينغ جونيور من أجل الحقوق المدنية، وكافح من أجل المساواة في أمريكا، وعمل لكي يُحكم على الناس بما هم عليه، وليس بلون بشرتهم (Q.113). شاركت الولايات المتحدة في حرب الخليج الفارسي لطرد الجيش العراقي من الكويت (Q.114).,"Ch8 Sec1 | Questions: [108, 109, 110, 111, 112, 113, 114]"
42,8,2,section,"In the United States, a major event occurred on September 11, 2001. [ANSWER:Terrorists attacked the United States], [ANSWER:Terrorists hijacked two planes and crashed them into the World Trade Center in New York City], and [ANSWER:Terrorists hijacked a plane and crashed it into the Pentagon in Arlington, Virginia] (Q.115). After the attacks of September 11, 2001, U.S. military conflicts included the [ANSWER:Global War on Terror], [ANSWER:War in Afghanistan], and [ANSWER:Iraq War] (Q.116). Many Native American tribes in the United States include the [ANSWER:Apache], [ANSWER:Cherokee], [ANSWER:Navajo], and [ANSWER:Sioux] (Q.117). Examples of American innovation include the [ANSWER:light bulb], [ANSWER:automobile], [ANSWER:skyscraper], [ANSWER:airplane], [ANSWER:assembly line], and [ANSWER:moon landing] (Q.118). The capital of the United States is [ANSWER:Washington D.C.] (Q.119). The Statue of Liberty is located in [ANSWER:New York Harbor], [ANSWER:Liberty Island] (Q.120).",في الولايات المتحدة، وقع حدث كبير في 11 سبتمبر 2001. [الإجابة: هاجم الإرهابيون الولايات المتحدة]، [الإجابة: اختطف الإرهابيون طائرتين واصطدموا بهما في مركز التجارة العالمي في مدينة نيويورك]، و [الإجابة: اختطف الإرهابيون طائرة واصطدموا بها في البنتاغون في أرلينغتون، فيرجينيا] (س.115). بعد هجمات 11 سبتمبر 2001، شملت الصراعات العسكرية الأمريكية [الإجابة: الحرب العالمية على الإرهاب]، [الإجابة: الحرب في أفغانستان]، و [الإجابة: حرب العراق] (س.116). تشمل العديد من القبائل الأمريكية الأصلية في الولايات المتحدة [الإجابة: الأباتشي]، [الإجابة: الشيروكي]، [الإجابة: النافاجو]، و [الإجابة: السو] (س.117). تشمل أمثلة الابتكار الأمريكي [الإجابة: المصباح الكهربائي]، [الإجابة: السيارة]، [الإجابة: ناطحة السحاب]، [الإجابة: الطائرة]، [الإجابة: خط التجميع]، و [الإجابة: الهبوط على القمر] (س.118). عاصمة الولايات المتحدة هي [الإجابة: واشنطن العاصمة] (س.119). يقع تمثال الحرية في [الإجابة: ميناء نيويورك]، [الإجابة: جزيرة ليبرتي] (س.120).,"Ch8 Sec2 | Questions: [115, 116, 117, 118, 119, 120]"
43,8,3,section,"Why does the American flag have 13 stripes? [ANSWER:Because there were 13 original colonies], and [ANSWER:the stripes represent the 13 original colonies] (Q.121). Why does the American flag have 50 stars? [ANSWER:Because there is one star for each state], and [ANSWER:each star represents a state], and [ANSWER:because there are 50 states] (Q.122). The name of the national flag is the [ANSWER:Stars and Stripes] (Q.123). The first motto of this nation is 'E Pluribus Unum', which means [ANSWER:out of many, one], [ANSWER:all become one] (Q.124). Independence Day is [ANSWER:a holiday celebrating America's independence from Britain], that is, [ANSWER:the nation's birthday] (Q.125). U.S. national holidays include [ANSWER:New Year's Day], [ANSWER:Martin Luther King, Jr. Day], [ANSWER:Presidents' Day], [ANSWER:Memorial Day], [ANSWER:Independence Day], [ANSWER:Labor Day], [ANSWER:Veterans Day], [ANSWER:Thanksgiving], and [ANSWER:Christmas] (Q.126). Memorial Day is [ANSWER:a holiday to honor soldiers who died while serving in the military] (Q.127). Veterans Day is [ANSWER:a holiday to honor those who belong to the U.S. military], [ANSWER:a holiday to honor people who served in the U.S. military] (Q.128).","لماذا يحتوي العلم الأمريكي على 13 شريطًا؟ [الإجابة: لأنه كان هناك 13 مستعمرة أصلية]، و [الإجابة: تمثل الخطوط المستعمرات الأصلية الـ 13] (س.121). لماذا يحتوي العلم الأمريكي على 50 نجمة؟ [الإجابة: لأنه توجد نجمة واحدة لكل ولاية]، و [الإجابة: تمثل كل نجمة ولاية]، و [الإجابة: لأنه توجد 50 ولاية] (س.122). اسم العلم الوطني هو [الإجابة: النجوم والخطوط] (س.123). الشعار الأول لهذه الأمة هو ""E Pluribus Unum""، والذي يعني [الإجابة: من الكثرة واحد]، [الإجابة: الجميع يصبح واحدًا] (س.124). عيد الاستقلال هو [الإجابة: عطلة تحتفل باستقلال أمريكا عن بريطانيا]، أي [الإجابة: عيد ميلاد الأمة] (س.125). تشمل العطلات الوطنية للولايات المتحدة [الإجابة: رأس السنة الجديدة]، [الإجابة: يوم مارتن لوثر كينغ جونيور]، [الإجابة: يوم الرؤساء]، [الإجابة: يوم الذكرى]، [الإجابة: عيد الاستقلال]، [الإجابة: عيد العمال]، [الإجابة: يوم المحاربين القدامى]، [الإجابة: عيد الشكر]، و [الإجابة: عيد الميلاد] (س.126). يوم الذكرى هو [الإجابة: عطلة لتكريم الجنود الذين ماتوا أثناء خدمتهم في الجيش] (س.127). يوم المحاربين القدامى هو [الإجابة: عطلة لتكريم أولئك الذين ينتمون إلى الجيش الأمريكي]، [الإجابة: عطلة لتكريم الأشخاص الذين خدموا في الجيش الأمريكي] (س.128).","Ch8 Sec3 | Questions: [121, 122, 123, 124, 125, 126, 127, 128]"
