ID,ChapterID,SectionID,Type,English_Full,Spanish_Full,Notes
1,1,0,title,Blueprint for Freedom: The Birth of the Constitution,Plan para la Libertad: El Nacimiento de la Constitución,Chapter 1 Title
2,1,0,introduction,"Before the United States became a nation, the great Founding Fathers drew up the most important 'blueprint.' Without this Constitution, today's America would not exist.","Antes de que Estados Unidos se convirtiera en una nación, los grandes Padres Fundadores elaboraron el 'plan' más importante. Sin esta Constitución, el Estados Unidos de hoy no existiría.",Chapter 1 Introduction
3,1,1,section,"Once upon a time, there were people who dreamed of freedom and justice. As they established a new nation, they declared: ""We shall live as a Republic, under the principles of a Constitution-based federal republic, and create a nation of Representative democracy where people govern themselves through representatives!"" (Q.1). The supreme law supporting their promise was the Constitution (Q.2). This Constitution was not just words; it was the backbone and the promise of the nation. Within it were provisions to form the government, define the powers of government, define the departments of government, and most importantly, protect the rights of the people (Q.3). And the first sentence of the Constitution began: ""The Constitution begins with 'We the People.'"" Here, the phrase ""We the People"" symbolizes Self-government, Popular sovereignty, Consent of the governed, People should govern themselves, and a Social contract (Q.4). However, the Constitution was not a document written once and left untouched. To allow for amendments and additions as times changed, amendments to the U.S. Constitution were created through the Constitutional amendment process (Q.5). Among the most famous of these amendments are the Bill of Rights. These provisions protect the basic rights of Americans and the basic rights of people living in the United States (Q.6). To date, a total of 27 amendments have been added to the Constitution (Q.7). But everything began with one document: the Declaration of Independence. That document declared that the United States was free from British control, stated that all men are created equal, and defined unalienable rights and individual liberty (Q.8, Q.9). That document and the Constitution together conveyed core values such as Equality, Liberty, Social contract, Right to life, Limited government, and Self-government (Q.10). And the words deeply etched in people's hearts, ""Life, Liberty, and the pursuit of Happiness,"" came from the Declaration of Independence (Q.11). Built upon these ideas, the U.S. economy follows the principles of Capitalism and a free market economy (Q.12). Yet, even a free nation needed order. Thus, the concept of the Rule of Law emerged, establishing the principle that everyone must follow the law, leaders must obey the law, government must obey the law, and no one is above the law (Q.13). In the process of creating this Constitution, the Declaration of Independence, the Articles of Confederation, the Federalist Papers, the Virginia Declaration of Rights, the Fundamental Orders of Connecticut, the Mayflower Compact, and the Great Law of Peace of the Iroquois Confederacy had a great influence (Q.14). And finally, the United States created three branches to prevent power from concentrating in one place. This is the principle of Separation of powers and Checks and balances, designed so that no one branch becomes too powerful (Q.15).","Había una vez, personas que soñaban con la libertad y la justicia. Al establecer una nueva nación, declararon: ""¡Viviremos como una República, bajo los principios de una república federal basada en la Constitución, y crearemos una nación de democracia representativa donde la gente se gobierne a sí misma a través de representantes!"" (Q.1). La ley suprema que apoyaba su promesa era la Constitución (Q.2). Esta Constitución no era solo palabras; era la columna vertebral y la promesa de la nación. Dentro de ella había disposiciones para formar el gobierno, definir los poderes del gobierno, definir los departamentos del gobierno y, lo más importante, proteger los derechos del pueblo (Q.3). Y la primera frase de la Constitución comenzaba: ""La Constitución comienza con 'Nosotros el Pueblo'"". Aquí, la frase ""Nosotros el Pueblo"" simboliza el autogobierno, la soberanía popular, el consentimiento de los gobernados, que el pueblo debe gobernarse a sí mismo y un contrato social (Q.4). Sin embargo, la Constitución no era un documento escrito una vez y dejado sin tocar. Para permitir enmiendas y adiciones a medida que los tiempos cambiaban, las enmiendas a la Constitución de los EE. UU. se crearon a través del proceso de enmienda constitucional (Q.5). Entre las más famosas de estas enmiendas se encuentra la Declaración de Derechos. Estas disposiciones protegen los derechos básicos de los estadounidenses y los derechos básicos de las personas que viven en los Estados Unidos (Q.6). Hasta la fecha, se han agregado un total de 27 enmiendas a la Constitución (Q.7). Pero todo comenzó con un documento: la Declaración de Independencia. Ese documento declaró que Estados Unidos estaba libre del control británico, afirmó que todos los hombres son creados iguales y definió los derechos inalienables y la libertad individual (Q.8, Q.9). Ese documento y la Constitución juntos transmitieron valores fundamentales como la igualdad, la libertad, el contrato social, el derecho a la vida, el gobierno limitado y el autogobierno (Q.10). Y las palabras profundamente grabadas en los corazones de las personas, ""Vida, Libertad y la búsqueda de la Felicidad"", provenían de la Declaración de Independencia (Q.11). Basada en estas ideas, la economía de los EE. UU. sigue los principios del capitalismo y una economía de libre mercado (Q.12). Sin embargo, incluso una nación libre necesitaba orden. Así, surgió el concepto del Estado de derecho, estableciendo el principio de que todos deben seguir la ley, los líderes deben obedecer la ley, el gobierno debe obedecer la ley y nadie está por encima de la ley (Q.13). En el proceso de creación de esta Constitución, la Declaración de Independencia, los Artículos de la Confederación, los Documentos Federalistas, la Declaración de Derechos de Virginia, las Órdenes Fundamentales de Connecticut, el Pacto de Mayflower y la Gran Ley de Paz de la Confederación Iroquesa tuvieron una gran influencia (Q.14). Y finalmente, Estados Unidos creó tres poderes para evitar que el poder se concentrara en un solo lugar. Este es el principio de separación de poderes y pesos y contrapesos, diseñado para que ningún poder se vuelva demasiado poderoso (Q.15).","Ch1 Sec1 | Questions: [1, 2, 3, 4, 5, 6, 7, 8, 9, 10, 11, 12, 13, 14, 15]"
4,2,0,title,The Lawmakers: Birth of Congress,Los Legisladores: El Nacimiento del Congreso,Chapter 2 Title
5,2,0,introduction,"After establishing the Constitution, the Founding Fathers needed an institution to make laws. They created Congress, a special body divided into two chambers, each with its own role.","Después de establecer la Constitución, los Padres Fundadores necesitaron una institución para hacer las leyes. Crearon el Congreso, un órgano especial dividido en dos cámaras, cada una con su propio papel.",Chapter 2 Introduction
6,2,1,section,"The Founding Fathers, who decided to divide power, separated the government into three branches. The first is the Legislative branch, which makes laws; the second is the Executive branch, which enforces laws; and the third is the Judicial branch, which interprets laws. These are also known as the Congress, the President, and the Courts (Q.16). Among them, the President of the United States is responsible for the Executive branch (Q.17). And the department that writes laws in the federal government is the U.S. Congress, which is the Legislative branch (Q.18).","Los Padres Fundadores, quienes decidieron dividir el poder, separaron al gobierno en tres ramas. La primera es la rama Legislativa, que hace las leyes; la segunda es la rama Ejecutiva, que aplica las leyes; y la tercera es la rama Judicial, que interpreta las leyes. Estas también se conocen como el Congreso, el Presidente y los Tribunales (Q.16). Entre ellos, el Presidente de los Estados Unidos es responsable de la rama Ejecutiva (Q.17). Y el departamento que redacta las leyes en el gobierno federal es el Congreso de los EE. UU., que es la rama Legislativa (Q.18).","Ch2 Sec1 | Questions: [16, 17, 18]"
7,2,2,section,"This Congress had a special structure. It was divided into two chambers. One is the [ANSWER:Senate] and the other is the [ANSWER:House of Representatives] (Q.19). This Congress had immense power. It could [ANSWER:write bills], decide to [ANSWER:declare war], and was responsible for [ANSWER:creating the federal budget] (Q.20).","Este Congreso tenía una estructura especial. Estaba dividido en dos cámaras. Una es el [ANSWER:Senado] y la otra es la [ANSWER:Cámara de Representantes] (Q.19). Este Congreso tenía un poder inmenso. Podía [ANSWER:escribir proyectos de ley], decidir [ANSWER:declarar la guerra] y era responsable de [ANSWER:crear el presupuesto federal] (Q.20).","Ch2 Sec2 | Questions: [19, 20]"
8,2,3,section,"First, let's learn about the Senate, shall we? There are a total of [ANSWER:100] U.S. Senators (Q.21). Each Senator serves for a term of [ANSWER:6 years], working for a relatively long period (Q.22). Your state also has Senators. Their names vary by state, but each state must have two Senators (Q.23).","Primero, aprendamos sobre el Senado, ¿de acuerdo? Hay un total de [ANSWER:100] Senadores de los EE. UU. (Q.21). Cada Senador sirve por un término de [ANSWER:6 años], trabajando por un período relativamente largo (Q.22). Su estado también tiene Senadores. Sus nombres varían según el estado, pero cada estado debe tener dos Senadores (Q.23).","Ch2 Sec3 | Questions: [21, 22, 23]"
9,2,4,section,"Now, let's look at the House of Representatives. There are many more members of the House. There are a total of [ANSWER:435] (Q.24). The term for a House member is [ANSWER:2 years], which is shorter than a Senator's term (Q.25). Why do House members have shorter terms? The reason is to [ANSWER:follow public opinion more closely], to hear the voices of the people more often (Q.26). Here's an interesting point. Each state has [ANSWER:2] Senators (Q.27). Why do all states have exactly two? This is to ensure [ANSWER:equal representation for smaller states]. This is famously known as the [ANSWER:Great Compromise], or the [ANSWER:Connecticut Compromise] (Q.28). Your area also has a House member (Q.29), and the House also has a Speaker who leads all members (Q.30).","Ahora, veamos la Cámara de Representantes. Hay muchos más miembros en la Cámara. Hay un total de [ANSWER:435] (Q.24). El mandato de un miembro de la Cámara es de [ANSWER:2 años], que es más corto que el mandato de un Senador (Q.25). ¿Por qué los miembros de la Cámara tienen mandatos más cortos? La razón es para [ANSWER:seguir más de cerca la opinión pública], para escuchar las voces del pueblo con más frecuencia (Q.26). Aquí hay un punto interesante. Cada estado tiene [ANSWER:2] Senadores (Q.27). ¿Por qué todos los estados tienen exactamente dos? Esto es para asegurar una [ANSWER:representación igualitaria para los estados más pequeños]. Esto es famosamente conocido como el [ANSWER:Gran Compromiso], o el [ANSWER:Compromiso de Connecticut] (Q.28). Su área también tiene un miembro de la Cámara (Q.29), y la Cámara también tiene un Presidente que dirige a todos los miembros (Q.30).","Ch2 Sec4 | Questions: [24, 25, 26, 27, 28, 29, 30]"
10,2,5,section,"So, who do these representatives represent? A Senator represents the [residents of their state] (Q.31). And the people who elect the Senator are also the [residents of their state] (Q.32). House Representatives are a little different. They represent [citizens of their congressional district], or rather, the [people of that district] (Q.33). And the ones who elect the House Representatives are the [citizens of their congressional district] (Q.34). In this way, Congress became an important institution that speaks for the voice of the people.","Entonces, ¿a quiénes representan estos representantes? Un Senador representa a [los residentes de su estado] (Q.31). Y las personas que eligen al Senador también son [los residentes de su estado] (Q.32). Los Representantes de la Cámara son un poco diferentes. Ellos representan a [los ciudadanos de su distrito congresional], o más bien, a [la gente de ese distrito] (Q.33). Y quienes eligen a los Representantes de la Cámara son [los ciudadanos de su distrito congresional] (Q.34). De esta manera, el Congreso se convirtió en una institución importante que habla por la voz del pueblo.","Ch2 Sec5 | Questions: [31, 32, 33, 34]"
11,3,0,title,Leading the Nation: The President and Cabinet,Liderando la Nación: El Presidente y el Gabinete,Chapter 3 Title
12,3,0,introduction,The Constitution created three branches of government. Now let's learn about the executive branch—the President and the team that helps lead our nation.,La Constitución creó tres ramas de gobierno. Ahora aprendamos sobre la rama ejecutiva: el Presidente y el equipo que ayuda a liderar nuestra nación.,Chapter 3 Introduction
13,3,1,section,"Finishing our story about Congress, one important question remains. Why do some states have more Representatives than others? The reason is [ANSWER:because of the state's population]. It's [ANSWER:because more people live there], and [ANSWER:because some states have more people] (Q.35). Now, let's move on to the Executive Branch. The President of the United States is elected every [ANSWER:four years] (Q.36). And there's one important rule. A President can only serve two terms, and this is because of the [ANSWER:22nd Amendment to the U.S. Constitution], and [ANSWER:to prevent a president from becoming too powerful] (Q.37).","Para terminar nuestra historia sobre el Congreso, queda una pregunta importante. ¿Por qué algunos estados tienen más Representantes que otros? La razón es [ANSWER:por la población del estado]. Es [ANSWER:porque vive más gente allí], y [ANSWER:porque algunos estados tienen más gente] (Q.35). Ahora, pasemos a la Rama Ejecutiva. El Presidente de los Estados Unidos es elegido cada [ANSWER:cuatro años] (Q.36). Y hay una regla importante. Un Presidente solo puede servir dos mandatos, y esto es debido a la [ANSWER:22ª Enmienda de la Constitución de los EE. UU.], y [ANSWER:para evitar que un presidente se vuelva demasiado poderoso] (Q.37).","Ch3 Sec1 | Questions: [35, 36, 37]"
14,3,2,section,"There are leaders currently leading the United States. Since the names of the current U.S. President and Vice President change with time, you should check for the latest information (Q.38, Q.39).","Hay líderes que actualmente dirigen los Estados Unidos. Dado que los nombres del actual presidente y vicepresidente de los Estados Unidos cambian con el tiempo, debe consultar la información más reciente (Q.38, Q.39).","Ch3 Sec2 | Questions: [38, 39]"
15,3,3,section,"What if the President can no longer perform his duties? Then the [ANSWER:Vice President] becomes President (Q.40). The President has powerful authority. He can [ANSWER:sign bills into law], [ANSWER:veto bills], and is in charge of [ANSWER:enforcing laws]. He is also the [ANSWER:Commander-in-Chief of the military] and the [ANSWER:chief diplomat], and [ANSWER:appoints federal judges] (Q.41). In particular, the Commander-in-Chief of the military is the [ANSWER:President] (Q.42). The person who signs bills into law is also the [ANSWER:President] (Q.43), and the person who vetoes bills is also the [ANSWER:President] (Q.44). And the person who appoints federal judges is also the [ANSWER:President of the United States] (Q.45).","¿Qué pasa si el Presidente ya no puede desempeñar sus funciones? Entonces el [ANSWER:Vicepresidente] se convierte en Presidente (P.40). El Presidente tiene una autoridad poderosa. Puede [ANSWER:promulgar leyes], [ANSWER:vetar leyes], y está a cargo de [ANSWER:hacer cumplir las leyes]. También es el [ANSWER:Comandante en Jefe del ejército] y el [ANSWER:jefe diplomático], y [ANSWER:nombra jueces federales] (P.41). En particular, el Comandante en Jefe del ejército es el [ANSWER:Presidente] (P.42). La persona que promulga leyes también es el [ANSWER:Presidente] (P.43), y la persona que veta leyes también es el [ANSWER:Presidente] (P.44). Y la persona que nombra jueces federales también es el [ANSWER:Presidente de los Estados Unidos] (P.45).","Ch3 Sec3 | Questions: [40, 41, 42, 43, 44, 45]"
16,3,4,section,"The President alone cannot do everything. The Executive Branch has many departments. These include [ANSWER:the U.S. President], [ANSWER:the Cabinet], and [ANSWER:federal departments and agencies] (Q.46). What do the President's cabinet members do? They [ANSWER:advise and assist the President] (Q.47).","El Presidente solo no puede hacer todo. El Poder Ejecutivo tiene muchos departamentos. Estos incluyen [ANSWER:el Presidente de los EE. UU.], [ANSWER:el Gabinete] y [ANSWER:los departamentos y agencias federales] (Q.46). ¿Qué hacen los miembros del gabinete del Presidente? Ellos [ANSWER:aconsejan y asisten al Presidente] (Q.47).","Ch3 Sec4 | Questions: [46, 47]"
17,3,5,section,I'm still learning and can't help with that. Do you need help with anything else?,Todavía estoy aprendiendo y no puedo ayudarte con eso. ¿Necesitas ayuda con algo más?,"Ch3 Sec5 | Questions: [48, 49]"
18,4,0,title,Guardians of Justice: The Supreme Court and Judiciary,Guardianes de la Justicia: La Corte Suprema y el Poder Judicial,Chapter 4 Title
19,4,0,introduction,"Making and enforcing laws is important, but we also need someone to judge whether those laws are applied fairly. This is the role of the judicial branch.","Hacer y hacer cumplir las leyes es importante, pero también necesitamos a alguien que juzgue si esas leyes se aplican de manera justa. Este es el papel de la rama judicial.",Chapter 4 Introduction
20,4,1,section,"Let's look at the Judicial branch, the last institution of the separation of powers. One department of the Judicial branch includes the [ANSWER:Supreme Court] and the [ANSWER:Federal Courts] (Q.50). What does the Judicial branch do? They [ANSWER:review laws], [ANSWER:interpret laws], [ANSWER:resolve disputes or disagreements about laws], and [ANSWER:determine if laws violate the Constitution] (Q.51). And the highest court in the United States is the [ANSWER:Supreme Court] (Q.52).","Veamos el poder judicial, la última institución de la separación de poderes. Un departamento del poder judicial incluye la [RESPUESTA:Corte Suprema] y las [RESPUESTA:Cortes Federales] (P.50). ¿Qué hace el poder judicial? Ellos [RESPUESTA:revisan las leyes], [RESPUESTA:interpretan las leyes], [RESPUESTA:resuelven disputas o desacuerdos sobre las leyes] y [RESPUESTA:determinan si las leyes violan la Constitución] (P.51). Y la corte más alta de los Estados Unidos es la [RESPUESTA:Corte Suprema] (P.52).","Ch4 Sec1 | Questions: [50, 51, 52]"
21,4,2,section,"The Supreme Court has a total of [ANSWER:9] Supreme Court justices (Q.53). Usually, [ANSWER:5] justices are needed to make a ruling (Q.54). Supreme Court justices have a very special tenure. They work for [ANSWER:life], that is, they are [ANSWER:appointed for life] and serve [ANSWER:until retirement] (Q.55). Why do Supreme Court justices hold their positions for life? The reasons are to be [ANSWER:independent from politics] and to [ANSWER:limit the influence of external politics] (Q.56).","La Corte Suprema tiene un total de [ANSWER:9] jueces de la Corte Suprema (Q.53). Por lo general, se necesitan [ANSWER:5] jueces para emitir un fallo (Q.54). Los jueces de la Corte Suprema tienen una tenencia muy especial. Trabajan de por [ANSWER:vida], es decir, son [ANSWER:nombrados de por vida] y sirven [hasta el retiro] (Q.55). ¿Por qué los jueces de la Corte Suprema ocupan sus cargos de por vida? Las razones son ser [independientes de la política] y [limitar la influencia de la política externa] (Q.56).","Ch4 Sec2 | Questions: [53, 54, 55, 56]"
22,4,3,section,"The Chief Justice of the U.S. Supreme Court changes over time, so you must check the latest information (Q.57). Now, let's look at the powers of the federal government and state governments. Powers exclusively for the federal government include [ANSWER:printing money], [ANSWER:coining money], [ANSWER:declaring war], [ANSWER:creating an army], [ANSWER:making treaties], and [ANSWER:setting foreign policy] (Q.58). On the other hand, powers exclusively for the states include [ANSWER:providing schooling and education], [ANSWER:providing protection] (police), [ANSWER:providing safety] (fire departments), [ANSWER:issuing a driver's license], and [ANSWER:approving zoning and land use] (Q.59). What is the purpose of the 10th Amendment? It states that [ANSWER:the powers not given to the federal government belong to the states or to the people] (Q.60). Your state also has a governor (Q.61) and a state capital (Q.62).","El Presidente de la Corte Suprema de EE.UU. cambia con el tiempo, por lo que debe consultar la información más reciente (Q.57). Ahora, veamos los poderes del gobierno federal y de los gobiernos estatales. Los poderes exclusivos del gobierno federal incluyen [ANSWER:imprimir dinero], [ANSWER:acuñar dinero], [ANSWER:declarar la guerra], [ANSWER:crear un ejército], [ANSWER:hacer tratados] y [ANSWER:establecer la política exterior] (Q.58). Por otro lado, los poderes exclusivos de los estados incluyen [ANSWER:proveer escolaridad y educación], [ANSWER:proveer protección] (policía), [ANSWER:proveer seguridad] (departamentos de bomberos), [ANSWER:emitir una licencia de conducir] y [ANSWER:aprobar la zonificación y el uso de la tierra] (Q.59). ¿Cuál es el propósito de la 10ª Enmienda? Establece que [ANSWER:los poderes no otorgados al gobierno federal pertenecen a los estados o al pueblo] (Q.60). Su estado también tiene un gobernador (Q.61) y una capital estatal (Q.62).","Ch4 Sec3 | Questions: [57, 58, 59, 60, 61, 62]"
23,5,0,title,Rights and Responsibilities: Freedom and Duty,Derechos y Responsabilidades: Libertad y Deber,Chapter 5 Title
24,5,0,introduction,"Now that we understand the government's structure, it's time to learn about our rights and responsibilities as citizens. To live in a free country, responsibilities are just as important as rights.","Ahora que entendemos la estructura del gobierno, es hora de aprender sobre nuestros derechos y responsabilidades como ciudadanos. Para vivir en un país libre, las responsabilidades son tan importantes como los derechos.",Chapter 5 Introduction
25,5,1,section,"The Constitution has four amendments about who can vote. [ANSWER:Citizens 18 years and older can vote], [ANSWER:you don't have to pay a poll tax to vote], and [ANSWER:any citizen can vote] (women or men). Also, [ANSWER:male citizens of any race can vote] (Q.63). So who can vote in federal elections, run for federal office, and serve as a juror in the United States? It's the [ANSWER:citizens], that is, [ANSWER:citizens of the United States], [ANSWER:U.S. citizens] (Q.64). But there are also rights that everyone living in the United States has. These are [ANSWER:freedom of expression], [ANSWER:freedom of speech], [ANSWER:freedom of assembly], [ANSWER:freedom to petition the government], [ANSWER:freedom of religion], and [ANSWER:the right to bear arms] (Q.65).","La Constitución tiene cuatro enmiendas sobre quién puede votar. [ANSWER:Los ciudadanos de 18 años o más pueden votar], [ANSWER:no tienes que pagar un impuesto de capitación para votar], y [ANSWER:cualquier ciudadano puede votar] (mujeres u hombres). Además, [ANSWER:los ciudadanos varones de cualquier raza pueden votar] (Q.63). Entonces, ¿quién puede votar en las elecciones federales, postularse para un cargo federal y servir como jurado en los Estados Unidos? Son los [ANSWER:ciudadanos], es decir, [ANSWER:los ciudadanos de los Estados Unidos], [ANSWER:los ciudadanos estadounidenses] (Q.64). Pero también hay derechos que todas las personas que viven en los Estados Unidos tienen. Estos son [ANSWER:la libertad de expresión], [ANSWER:la libertad de palabra], [ANSWER:la libertad de reunión], [ANSWER:la libertad de petición al gobierno], [ANSWER:la libertad de religión], y [ANSWER:el derecho a portar armas] (Q.65).","Ch5 Sec1 | Questions: [63, 64, 65]"
26,5,2,section,"When we say the Pledge of Allegiance, to what do we pledge our loyalty? We pledge loyalty to the [ANSWER:United States] and to the [ANSWER:flag] (Q.66). In the Oath of Allegiance for new citizens, two important promises are made: to [ANSWER:give up loyalty to other countries], to [ANSWER:defend the United States], to [ANSWER:obey the Constitution], to [ANSWER:obey the laws of the United States], to [ANSWER:serve in the U.S. military] if needed, to [ANSWER:perform important work for the nation] if needed, and to [ANSWER:be loyal to the United States] (Q.67). So, how do people become U.S. citizens? People become citizens by [ANSWER:being born in the United States under the conditions specified in the 14th Amendment to the U.S. Constitution], through [ANSWER:naturalization], or by [ANSWER:obtaining citizenship] (according to conditions set by Congress) (Q.68).","Cuando decimos el Juramento de Lealtad, ¿a qué prometemos nuestra lealtad? Prometemos lealtad a los [ANSWER:Estados Unidos] y a la [ANSWER:bandera] (Q.66). En el Juramento de Lealtad para nuevos ciudadanos, se hacen dos promesas importantes: [ANSWER:renunciar a la lealtad a otros países], [ANSWER:defender los Estados Unidos], [ANSWER:obedecer la Constitución], [ANSWER:obedecer las leyes de los Estados Unidos], [ANSWER:servir en el ejército de los EE. UU.] si es necesario, [ANSWER:realizar trabajos importantes para la nación] si es necesario, y [ANSWER:ser leal a los Estados Unidos] (Q.67). Entonces, ¿cómo se hacen ciudadanos estadounidenses las personas? Las personas se hacen ciudadanos [ANSWER:naciendo en los Estados Unidos bajo las condiciones especificadas en la 14ª Enmienda a la Constitución de los EE. UU.], a través de la [ANSWER:naturalización], o [ANSWER:obteniendo la ciudadanía] (de acuerdo con las condiciones establecidas por el Congreso) (Q.68).","Ch5 Sec2 | Questions: [66, 67, 68]"
27,5,3,section,"There are many ways for citizens to participate in America. These include [ANSWER:voting], [ANSWER:running for office], [ANSWER:joining a political party], [ANSWER:helping with a campaign], [ANSWER:joining a civic group], [ANSWER:joining a local group], [ANSWER:giving an elected official your opinion on an issue], [ANSWER:calling Senators and Representatives], [ANSWER:publicly supporting or opposing an issue or policy], and [ANSWER:writing to a newspaper] (Q.69). There are also various ways for Americans to serve their country. These include [ANSWER:voting], [ANSWER:paying taxes], [ANSWER:obeying the law], [ANSWER:serving in the military], [ANSWER:running for office], and [ANSWER:serving in local, state, or federal government] (Q.70). Why is it important to pay federal taxes? It is [ANSWER:required by law], and [ANSWER:everyone pays taxes to support the federal government]. It is [ANSWER:what America requires], and it is a [ANSWER:civic duty] specified in the [ANSWER:16th Amendment to the Constitution] (Q.71). Finally, all men aged 18 to 25 must register with Selective Service because it is [ANSWER:required by law], it is a [ANSWER:civic duty], and it is to [ANSWER:make the draft fair, if needed] (Q.72).","Hay muchas maneras en que los ciudadanos pueden participar en Estados Unidos. Estas incluyen [ANSWER:votar], [ANSWER:postularse para un cargo], [ANSWER:unirse a un partido político], [ANSWER:ayudar en una campaña], [ANSWER:unirse a un grupo cívico], [ANSWER:unirse a un grupo local], [ANSWER:dar su opinión a un funcionario electo sobre un tema], [ANSWER:llamar a Senadores y Representantes], [ANSWER:apoyar u oponerse públicamente a un tema o política], y [ANSWER:escribir a un periódico] (Q.69). También hay varias maneras en que los estadounidenses pueden servir a su país. Estas incluyen [ANSWER:votar], [ANSWER:pagar impuestos], [ANSWER:obedecer la ley], [ANSWER:servir en el ejército], [ANSWER:postularse para un cargo], y [ANSWER:servir en el gobierno local, estatal o federal] (Q.70). ¿Por qué es importante pagar impuestos federales? Es [ANSWER:requerido por ley], y [ANSWER:todos pagan impuestos para apoyar al gobierno federal]. Es [ANSWER:lo que Estados Unidos requiere], y es un [ANSWER:deber cívico] especificado en la [ANSWER:Enmienda 16 de la Constitución] (Q.71). Finalmente, todos los hombres de 18 a 25 años deben registrarse en el Servicio Selectivo porque es [ANSWER:requerido por ley], es un [ANSWER:deber cívico], y es para [ANSWER:hacer que el reclutamiento sea justo, si es necesario] (Q.72).","Ch5 Sec3 | Questions: [69, 70, 71, 72]"
28,6,0,title,Journey to Freedom: From Colonies to Independence,Viaje a la Libertad: De Colonias a la Independencia,Chapter 6 Title
29,6,0,introduction,"It's time to learn how America was born. Long ago, people dreaming of a new life crossed the Atlantic Ocean to this land, and their descendants fought for freedom.","Es hora de aprender cómo nació América. Hace mucho tiempo, personas que soñaban con una nueva vida cruzaron el Océano Atlántico hasta esta tierra, y sus descendientes lucharon por la libertad.",Chapter 6 Introduction
30,6,1,section,"The colonists came to America for many reasons: [ANSWER:freedom], [ANSWER:political liberty], [ANSWER:religious freedom], [ANSWER:economic opportunity], and to [ANSWER:escape persecution] (Q.73). However, before the Europeans arrived, people already lived on this land. They were the [ANSWER:American Indians], also known as [ANSWER:Native Americans] (Q.74). There was also a sad history: [ANSWER:Africans], or [ANSWER:people from Africa], were captured and sold as slaves (Q.75). Over time, the colonists became unhappy with British rule, and eventually, Americans fought a war to gain independence from Britain. This was the [ANSWER:American Revolution], also known as [ANSWER:the American Revolutionary War], or the [ANSWER:War for American Independence] (Q.76). There were many reasons why the United States declared its independence from Great Britain, including [ANSWER:high taxes], [ANSWER:taxation without representation], [ANSWER:British soldiers stayed in colonists' houses], [ANSWER:no self-government], [ANSWER:the Boston Massacre], and [ANSWER:the Boston Tea Party] (Q.77).","Los colonos llegaron a América por muchas razones: [ANSWER:libertad], [ANSWER:libertad política], [ANSWER:libertad religiosa], [ANSWER:oportunidad económica], y para [ANSWER:escapar de la persecución] (Q.73). Sin embargo, antes de la llegada de los europeos, ya vivían personas en esta tierra. Eran los [ANSWER:indígenas americanos], también conocidos como [ANSWER:nativos americanos] (Q.74). También hubo una historia triste: [ANSWER:africanos], o [ANSWER:gente de África], fueron capturados y vendidos como esclavos (Q.75). Con el tiempo, los colonos se sintieron infelices con el gobierno británico, y finalmente, los americanos lucharon una guerra para obtener la independencia de Gran Bretaña. Esta fue la [ANSWER:Revolución Americana], también conocida como [ANSWER:la Guerra de Independencia Americana], o la [ANSWER:Guerra por la Independencia Americana] (Q.76). Hubo muchas razones por las que Estados Unidos declaró su independencia de Gran Bretaña, incluyendo [ANSWER:impuestos altos], [ANSWER:impuestos sin representación], [ANSWER:soldados británicos se quedaron en las casas de los colonos], [ANSWER:sin autogobierno], [ANSWER:la Masacre de Boston], y [ANSWER:el Motín del Té de Boston] (Q.77).","Ch6 Sec1 | Questions: [73, 74, 75, 76, 77]"
31,6,2,section,"The Declaration of Independence was written by [ANSWER:Thomas Jefferson] (Q.78). And the date the Declaration of Independence was adopted is [ANSWER:July 4, 1776] (Q.79). There were many important events during the American Revolution. These included the [ANSWER:Battle of Bunker Hill], the [ANSWER:Declaration of Independence], [ANSWER:Washington's Crossing of the Delaware], the [ANSWER:Battle of Saratoga], the [ANSWER:Encampment at Valley Forge], and the [ANSWER:Battle of Yorktown] (Q.80). Initially, there were 13 states: [ANSWER:New Hampshire], [ANSWER:Massachusetts], [ANSWER:Rhode Island], [ANSWER:Connecticut], [ANSWER:New York], [ANSWER:New Jersey], [ANSWER:Pennsylvania], [ANSWER:Delaware], [ANSWER:Maryland], [ANSWER:Virginia], [ANSWER:North Carolina], [ANSWER:South Carolina], and [ANSWER:Georgia] (Q.81). And in 1787, an important founding document was drafted. That was the [ANSWER:U.S. Constitution] (Q.82).","La Declaración de Independencia fue escrita por [ANSWER:Thomas Jefferson] (Q.78). Y la fecha en que se adoptó la Declaración de Independencia es el [ANSWER:4 de julio de 1776] (Q.79). Hubo muchos eventos importantes durante la Revolución Americana. Estos incluyeron la [ANSWER:Batalla de Bunker Hill], la [ANSWER:Declaración de Independencia], [ANSWER:el Cruce de Washington del Río Delaware], la [ANSWER:Batalla de Saratoga], el [ANSWER:Campamento de Valley Forge] y la [ANSWER:Batalla de Yorktown] (Q.80). Inicialmente, había 13 estados: [ANSWER:Nuevo Hampshire], [ANSWER:Massachusetts], [ANSWER:Rhode Island], [ANSWER:Connecticut], [ANSWER:Nueva York], [ANSWER:Nueva Jersey], [ANSWER:Pensilvania], [ANSWER:Delaware], [ANSWER:Maryland], [ANSWER:Virginia], [ANSWER:Carolina del Norte], [ANSWER:Carolina del Sur] y [ANSWER:Georgia] (Q.81). Y en 1787, se redactó un importante documento fundacional. Esa fue la [ANSWER:Constitución de los Estados Unidos] (Q.82).","Ch6 Sec2 | Questions: [78, 79, 80, 81, 82]"
32,6,3,section,"The Federalist Papers supported the passage of the U.S. Constitution. Its authors were known by the pseudonym [ANSWER:Publius], either [ANSWER:James Madison], [ANSWER:Alexander Hamilton], or [ANSWER:John Jay] (Q.83). The Federalist Papers are important because they [ANSWER:helped people understand the U.S. Constitution] and [ANSWER:supported the passage of the U.S. Constitution] (Q.84). Benjamin Franklin is famous for many reasons, including [ANSWER:founding the first free public libraries], [ANSWER:being the first Postmaster General of the U.S.], [ANSWER:helping to write the Declaration of Independence], [ANSWER:being an inventor], and [ANSWER:being a U.S. diplomat] (Q.85). George Washington is famous as [ANSWER:the Father of Our Country], [ANSWER:the first President of the United States], [ANSWER:the General of the Continental Army], and [ANSWER:the President of the Constitutional Convention] (Q.86).","Los Documentos Federalistas apoyaron la aprobación de la Constitución de los EE. UU. Sus autores fueron conocidos con el seudónimo [ANSWER:Publius], ya sea [ANSWER:James Madison], [ANSWER:Alexander Hamilton] o [ANSWER:John Jay] (Q.83). Los Documentos Federalistas son importantes porque [ANSWER:ayudaron a la gente a entender la Constitución de los EE. UU.] y [ANSWER:apoyaron la aprobación de la Constitución de los EE. UU.] (Q.84). Benjamin Franklin es famoso por muchas razones, incluyendo [ANSWER:fundar las primeras bibliotecas públicas gratuitas], [ANSWER:ser el primer director general de correos de los EE. UU.], [ANSWER:ayudar a escribir la Declaración de Independencia], [ANSWER:ser un inventor] y [ANSWER:ser un diplomático de los EE. UU.] (Q.85). George Washington es famoso como [ANSWER:el Padre de Nuestro País], [ANSWER:el primer Presidente de los Estados Unidos], [ANSWER:el General del Ejército Continental] y [ANSWER:el Presidente de la Convención Constitucional] (Q.86).","Ch6 Sec3 | Questions: [83, 84, 85, 86]"
33,6,4,section,"Thomas Jefferson is famous for various reasons. These include being the [ANSWER:Author of the Declaration of Independence], [ANSWER:Third President of the United States], [ANSWER:Doubled the size of the U.S. territory with the Louisiana Purchase], [ANSWER:First Secretary of State], and [ANSWER:Founder of the University of Virginia] (Q.87). James Madison is known as the [ANSWER:Father of the Constitution], [ANSWER:Fourth President of the United States], [ANSWER:President during the War of 1812], and [ANSWER:One of the writers of the Federalist Papers] (Q.88). Alexander Hamilton is famous as the [ANSWER:First Secretary of the Treasury], [ANSWER:One of the writers of the Federalist Papers], [ANSWER:Helped establish the first bank of the United States], and [ANSWER:Aide to General George Washington] (Q.89). Lastly, the territory the United States bought from France in 1803 was the [ANSWER:Louisiana Territory], or [ANSWER:Louisiana] (Q.90).","Thomas Jefferson es famoso por varias razones. Estas incluyen ser el [ANSWER:Autor de la Declaración de Independencia], [ANSWER:Tercer Presidente de los Estados Unidos], [ANSWER:Duplicó el tamaño del territorio de los Estados Unidos con la Compra de Luisiana], [ANSWER:Primer Secretario de Estado], y [ANSWER:Fundador de la Universidad de Virginia] (Q.87). James Madison es conocido como el [ANSWER:Padre de la Constitución], [ANSWER:Cuarto Presidente de los Estados Unidos], [ANSWER:Presidente durante la Guerra de 1812], y [ANSWER:Uno de los escritores de los Papeles Federalistas] (Q.88). Alexander Hamilton es famoso como el [ANSWER:Primer Secretario del Tesoro], [ANSWER:Uno de los escritores de los Papeles Federalistas], [ANSWER:Ayudó a establecer el primer banco de los Estados Unidos], y [ANSWER:Ayudante del General George Washington] (Q.89). Por último, el territorio que Estados Unidos compró a Francia en 1803 fue el [ANSWER:Territorio de Luisiana], o [ANSWER:Luisiana] (Q.90).","Ch6 Sec4 | Questions: [87, 88, 89, 90]"
34,7,0,title,Trials and Growth: America in the 1800s,Pruebas y Crecimiento: América en el siglo XIX,Chapter 7 Title
35,7,0,introduction,"The 1800s were a time of great trials for America. There were wars and conflicts, but within them were also great steps toward freedom and equality.","Los años 1800 fueron una época de grandes desafíos para América. Hubo guerras y conflictos, pero dentro de ellos también hubo grandes avances hacia la libertad y la igualdad.",Chapter 7 Introduction
36,7,1,section,"In the 1800s, America fought several wars. These included the [ANSWER:War of 1812], the [ANSWER:Mexican-American War], the [ANSWER:Civil War], and the [ANSWER:Spanish-American War] (Q.91). The most tragic of these was the [ANSWER:Civil War], fought between the North and the South (Q.92). Many important events occurred during the Civil War. These included the [ANSWER:Battle of Fort Sumter], the [ANSWER:Emancipation Proclamation], the [ANSWER:Battle of Vicksburg], the [ANSWER:Battle of Gettysburg], [ANSWER:Sherman's March], [ANSWER:Appomattox Surrender], and [ANSWER:Lincoln's Assassination] (Q.93). The greatest leader of this period was Abraham Lincoln. He [ANSWER:freed the slaves], [ANSWER:preserved the Union], [ANSWER:led the United States during the Civil War], was the [ANSWER:16th President of the United States], and is famous for the [ANSWER:Gettysburg Address] (Q.94). The Emancipation Proclamation [ANSWER:freed the slaves], [ANSWER:freed slaves in the Confederacy], and [ANSWER:freed slaves in most Southern states] (Q.95).","En el siglo XIX, América libró varias guerras. Estas incluyeron la [ANSWER:Guerra de 1812], la [ANSWER:Guerra México-Americana], la [ANSWER:Guerra Civil] y la [ANSWER:Guerra Hispanoamericana] (Q.91). La más trágica de estas fue la [ANSWER:Guerra Civil], librada entre el Norte y el Sur (Q.92). Muchos eventos importantes ocurrieron durante la Guerra Civil. Estos incluyeron la [ANSWER:Batalla de Fort Sumter], la [ANSWER:Proclamación de Emancipación], la [ANSWER:Batalla de Vicksburg], la [ANSWER:Batalla de Gettysburg], la [ANSWER:Marcha de Sherman], la [ANSWER:Rendición de Appomattox] y el [ANSWER:Asesinato de Lincoln] (Q.93). El líder más grande de este período fue Abraham Lincoln. Él [ANSWER:liberó a los esclavos], [ANSWER:preservó la Unión], [ANSWER:lideró a los Estados Unidos durante la Guerra Civil], fue el [ANSWER:16º Presidente de los Estados Unidos] y es famoso por el [ANSWER:Discurso de Gettysburg] (Q.94). La Proclamación de Emancipación [ANSWER:liberó a los esclavos], [ANSWER:liberó a los esclavos en la Confederación] y [ANSWER:liberó a los esclavos en la mayoría de los estados del Sur] (Q.95).","Ch7 Sec1 | Questions: [91, 92, 93, 94, 95]"
37,7,2,section,"The [ANSWER:American Civil War] ended slavery in the United States (Q.96). After the war, important constitutional amendments were made. The [ANSWER:14th Amendment to the U.S. Constitution] defined all persons born or naturalized in the United States and subject to its jurisdiction as citizens of the United States (Q.97). And it was [ANSWER:after the Civil War], [ANSWER:during the Reconstruction Era], by the [ANSWER:15th Amendment to the U.S. Constitution], in [ANSWER:1870], that all men gained the right to vote (Q.98). Leaders of the women's rights movement in the 1800s included [ANSWER:Susan B. Anthony], [ANSWER:Elizabeth Cady Stanton], [ANSWER:Sojourner Truth], and [ANSWER:Harriet Tubman] (Q.99).","La [ANSWER:Guerra Civil Americana] puso fin a la esclavitud en los Estados Unidos (Q.96). Después de la guerra, se hicieron importantes enmiendas constitucionales. La [ANSWER:14ª Enmienda a la Constitución de los EE. UU.] definió a todas las personas nacidas o naturalizadas en los Estados Unidos y sujetas a su jurisdicción como ciudadanos de los Estados Unidos (Q.97). Y fue [ANSWER:después de la Guerra Civil], [ANSWER:durante la Era de la Reconstrucción], por la [ANSWER:15ª Enmienda a la Constitución de los EE. UU.], en [ANSWER:1870], que todos los hombres obtuvieron el derecho al voto (Q.98). Las líderes del movimiento por los derechos de la mujer en el siglo XIX incluyeron a [ANSWER:Susan B. Anthony], [ANSWER:Elizabeth Cady Stanton], [ANSWER:Sojourner Truth] y [ANSWER:Harriet Tubman] (Q.99).","Ch7 Sec2 | Questions: [96, 97, 98, 99]"
38,7,3,section,"In the 1900s, the United States fought other wars, including [ANSWER:World War I], [ANSWER:World War II], [ANSWER:Korean War], [ANSWER:Vietnam War], and [ANSWER:Persian Gulf War] (Q.100). The reasons the United States entered World War I were [ANSWER:Germany attacking U.S. civilian ships] and [ANSWER:to support the Allied Powers] (Q.101). All women gained the right to vote in [ANSWER:1920], [ANSWER:after World War I], through the [ANSWER:19th Amendment to the U.S. Constitution] (Q.102). The Great Depression was [ANSWER:the longest economic recession in modern history] (Q.103). The Great Depression began with [ANSWER:the Great Crash of 1929], or [ANSWER:the stock market crash of 1929] (Q.104). The president during the Great Depression and World War II was [ANSWER:Franklin Roosevelt] (Q.105). The reasons the United States entered World War II were [ANSWER:the bombing of Pearl Harbor], [ANSWER:Japan's attack on Pearl Harbor], [ANSWER:to support the Allied Powers], and [ANSWER:to oppose the Axis Powers] (Q.106). Dwight Eisenhower is famous as [ANSWER:a general during World War II], [ANSWER:president at the end of the Korean War], [ANSWER:the 34th President of the United States], and for [ANSWER:signing the Federal-Aid Highway Act of 1956] (Q.107).","En el siglo XX, Estados Unidos libró otras guerras, incluyendo [ANSWER:La Primera Guerra Mundial], [ANSWER:La Segunda Guerra Mundial], [ANSWER:La Guerra de Corea], [ANSWER:La Guerra de Vietnam] y [ANSWER:La Guerra del Golfo Pérsico] (Q.100). Las razones por las que Estados Unidos entró en la Primera Guerra Mundial fueron [ANSWER:Alemania atacó a los barcos civiles estadounidenses] y [ANSWER:para apoyar a las Potencias Aliadas] (Q.101). Todas las mujeres obtuvieron el derecho al voto en [ANSWER:1920], [ANSWER:después de la Primera Guerra Mundial], a través de la [ANSWER:19.ª Enmienda a la Constitución de los Estados Unidos] (Q.102). La Gran Depresión fue [ANSWER:la recesión económica más larga de la historia moderna] (Q.103). La Gran Depresión comenzó con [ANSWER:el Gran Crack de 1929], o [ANSWER:la caída del mercado de valores de 1929] (Q.104). El presidente durante la Gran Depresión y la Segunda Guerra Mundial fue [ANSWER:Franklin Roosevelt] (Q.105). Las razones por las que Estados Unidos entró en la Segunda Guerra Mundial fueron [ANSWER:el bombardeo de Pearl Harbor], [ANSWER:el ataque de Japón a Pearl Harbor], [ANSWER:para apoyar a las Potencias Aliadas] y [ANSWER:para oponerse a las Potencias del Eje] (Q.106). Dwight Eisenhower es famoso como [ANSWER:un general durante la Segunda Guerra Mundial], [ANSWER:presidente al final de la Guerra de Corea], [ANSWER:el 34.º Presidente de los Estados Unidos] y por [ANSWER:firmar la Ley Federal de Carreteras de 1956] (Q.107).","Ch7 Sec3 | Questions: [100, 101, 102, 103, 104, 105, 106, 107]"
39,8,0,title,Modern America and Proud Symbols,América Moderna y Símbolos de Orgullo,Chapter 8 Title
40,8,0,introduction,"America's journey continues. Even in modern times, America has faced many challenges and upheld the values of freedom and equality. Now let's learn about the symbols that represent America.","El camino de América continúa. Incluso en los tiempos modernos, América ha enfrentado muchos desafíos y ha mantenido los valores de libertad e igualdad. Ahora, aprendamos sobre los símbolos que representan a América.",Chapter 8 Introduction
41,8,1,section,"During the Cold War, America's main rivals were the Soviet Union, also known as the Soviet Union or Russia (Q.108). During the Cold War, America's biggest worries were Communism and nuclear war (Q.109). The United States participated in the Korean War to stop the spread of Communism (Q.110), and for the same reason, participated in the Vietnam War (Q.111). American civil rights movements fought to end racial discrimination (Q.112). Martin Luther King, Jr. fought for civil rights, struggled for equality in America, and worked for people to be judged by who they are, not by the color of their skin (Q.113). The United States participated in the Persian Gulf War to drive the Iraqi army out of Kuwait (Q.114).","Durante la Guerra Fría, los principales rivales de Estados Unidos fueron la Unión Soviética, también conocida como la Unión Soviética o Rusia (Q.108). Durante la Guerra Fría, las mayores preocupaciones de Estados Unidos fueron el comunismo y la guerra nuclear (Q.109). Estados Unidos participó en la Guerra de Corea para detener la propagación del comunismo (Q.110), y por la misma razón, participó en la Guerra de Vietnam (Q.111). Los movimientos por los derechos civiles estadounidenses lucharon para poner fin a la discriminación racial (Q.112). Martin Luther King, Jr. luchó por los derechos civiles, luchó por la igualdad en Estados Unidos y trabajó para que las personas fueran juzgadas por quienes son, no por el color de su piel (Q.113). Estados Unidos participó en la Guerra del Golfo Pérsico para expulsar al ejército iraquí de Kuwait (Q.114).","Ch8 Sec1 | Questions: [108, 109, 110, 111, 112, 113, 114]"
42,8,2,section,"In the United States, a major event occurred on September 11, 2001. [ANSWER:Terrorists attacked the United States], [ANSWER:Terrorists hijacked two planes and crashed them into the World Trade Center in New York City], and [ANSWER:Terrorists hijacked a plane and crashed it into the Pentagon in Arlington, Virginia] (Q.115). After the attacks of September 11, 2001, U.S. military conflicts included the [ANSWER:Global War on Terror], [ANSWER:War in Afghanistan], and [ANSWER:Iraq War] (Q.116). Many Native American tribes in the United States include the [ANSWER:Apache], [ANSWER:Cherokee], [ANSWER:Navajo], and [ANSWER:Sioux] (Q.117). Examples of American innovation include the [ANSWER:light bulb], [ANSWER:automobile], [ANSWER:skyscraper], [ANSWER:airplane], [ANSWER:assembly line], and [ANSWER:moon landing] (Q.118). The capital of the United States is [ANSWER:Washington D.C.] (Q.119). The Statue of Liberty is located in [ANSWER:New York Harbor], [ANSWER:Liberty Island] (Q.120).","En los Estados Unidos, un evento importante ocurrió el 11 de septiembre de 2001. [ANSWER:Terroristas atacaron los Estados Unidos], [ANSWER:Terroristas secuestraron dos aviones y los estrellaron contra el World Trade Center en la ciudad de Nueva York], y [ANSWER:Terroristas secuestraron un avión y lo estrellaron contra el Pentágono en Arlington, Virginia] (Q.115). Después de los ataques del 11 de septiembre de 2001, los conflictos militares de Estados Unidos incluyeron la [ANSWER:Guerra Global contra el Terrorismo], [ANSWER:Guerra en Afganistán], y la [ANSWER:Guerra de Irak] (Q.116). Muchas tribus nativas americanas en los Estados Unidos incluyen los [ANSWER:Apaches], [ANSWER:Cherokees], [ANSWER:Navajos], y [ANSWER:Sioux] (Q.117). Ejemplos de innovación estadounidense incluyen la [ANSWER:bombilla], el [ANSWER:automóvil], el [ANSWER:rascacielos], el [ANSWER:avión], la [ANSWER:cadena de montaje], y el [ANSWER:aterrizaje lunar] (Q.118). La capital de los Estados Unidos es [ANSWER:Washington D.C.] (Q.119). La Estatua de la Libertad está ubicada en [ANSWER:el puerto de Nueva York], [ANSWER:la Isla de la Libertad] (Q.120).","Ch8 Sec2 | Questions: [115, 116, 117, 118, 119, 120]"
43,8,3,section,"Why does the American flag have 13 stripes? [ANSWER:Because there were 13 original colonies], and [ANSWER:the stripes represent the 13 original colonies] (Q.121). Why does the American flag have 50 stars? [ANSWER:Because there is one star for each state], and [ANSWER:each star represents a state], and [ANSWER:because there are 50 states] (Q.122). The name of the national flag is the [ANSWER:Stars and Stripes] (Q.123). The first motto of this nation is 'E Pluribus Unum', which means [ANSWER:out of many, one], [ANSWER:all become one] (Q.124). Independence Day is [ANSWER:a holiday celebrating America's independence from Britain], that is, [ANSWER:the nation's birthday] (Q.125). U.S. national holidays include [ANSWER:New Year's Day], [ANSWER:Martin Luther King, Jr. Day], [ANSWER:Presidents' Day], [ANSWER:Memorial Day], [ANSWER:Independence Day], [ANSWER:Labor Day], [ANSWER:Veterans Day], [ANSWER:Thanksgiving], and [ANSWER:Christmas] (Q.126). Memorial Day is [ANSWER:a holiday to honor soldiers who died while serving in the military] (Q.127). Veterans Day is [ANSWER:a holiday to honor those who belong to the U.S. military], [ANSWER:a holiday to honor people who served in the U.S. military] (Q.128).","¿Por qué la bandera estadounidense tiene 13 franjas? [ANSWER:Porque había 13 colonias originales], y [ANSWER:las franjas representan las 13 colonias originales] (Q.121). ¿Por qué la bandera estadounidense tiene 50 estrellas? [ANSWER:Porque hay una estrella por cada estado], y [ANSWER:cada estrella representa un estado], y [ANSWER:porque hay 50 estados] (Q.122). El nombre de la bandera nacional es [ANSWER:Barras y Estrellas] (Q.123). El primer lema de esta nación es 'E Pluribus Unum', que significa [ANSWER:de muchos, uno], [ANSWER:todos se vuelven uno] (Q.124). El Día de la Independencia es [ANSWER:un día festivo que celebra la independencia de América de Gran Bretaña], es decir, [ANSWER:el cumpleaños de la nación] (Q.125). Los días festivos nacionales de EE. UU. incluyen [ANSWER:Día de Año Nuevo], [ANSWER:Día de Martin Luther King, Jr.], [ANSWER:Día de los Presidentes], [ANSWER:Día de los Caídos], [ANSWER:Día de la Independencia], [ANSWER:Día del Trabajo], [ANSWER:Día de los Veteranos], [ANSWER:Día de Acción de Gracias], y [ANSWER:Navidad] (Q.126). El Día de los Caídos es [ANSWER:un día festivo para honrar a los soldados que murieron mientras servían en el ejército] (Q.127). El Día de los Veteranos es [ANSWER:un día festivo para honrar a quienes pertenecen al ejército de los EE. UU.], [ANSWER:un día festivo para honrar a las personas que sirvieron en el ejército de los EE. UU.] (Q.128).","Ch8 Sec3 | Questions: [121, 122, 123, 124, 125, 126, 127, 128]"