ID,ChapterID,SectionID,Type,English_Full,Vietnam_Full,Notes
1,1,0,title,Blueprint for Freedom: The Birth of the Constitution,Hiến pháp năm 1946 với những tư tưởng tiến bộ,Chapter 1 Title
2,1,0,introduction,"Before the United States became a nation, the great Founding Fathers drew up the most important 'blueprint.' Without this Constitution, today's America would not exist.","Trước khi Hợp chủng quốc Hoa Kỳ trở thành một quốc gia, các Tổ phụ Sáng lập vĩ đại đã soạn thảo 'bản thiết kế' quan trọng nhất. Nếu không có Hiến pháp này, nước Mỹ ngày nay sẽ không tồn tại.",Chapter 1 Introduction
3,1,1,section,"Once upon a time, there were people who dreamed of freedom and justice. As they established a new nation, they declared: ""We shall live as a Republic, under the principles of a Constitution-based federal republic, and create a nation of Representative democracy where people govern themselves through representatives!"" (Q.1). The supreme law supporting their promise was the Constitution (Q.2). This Constitution was not just words; it was the backbone and the promise of the nation. Within it were provisions to form the government, define the powers of government, define the departments of government, and most importantly, protect the rights of the people (Q.3). And the first sentence of the Constitution began: ""The Constitution begins with 'We the People.'"" Here, the phrase ""We the People"" symbolizes Self-government, Popular sovereignty, Consent of the governed, People should govern themselves, and a Social contract (Q.4). However, the Constitution was not a document written once and left untouched. To allow for amendments and additions as times changed, amendments to the U.S. Constitution were created through the Constitutional amendment process (Q.5). Among the most famous of these amendments are the Bill of Rights. These provisions protect the basic rights of Americans and the basic rights of people living in the United States (Q.6). To date, a total of 27 amendments have been added to the Constitution (Q.7). But everything began with one document: the Declaration of Independence. That document declared that the United States was free from British control, stated that all men are created equal, and defined unalienable rights and individual liberty (Q.8, Q.9). That document and the Constitution together conveyed core values such as Equality, Liberty, Social contract, Right to life, Limited government, and Self-government (Q.10). And the words deeply etched in people's hearts, ""Life, Liberty, and the pursuit of Happiness,"" came from the Declaration of Independence (Q.11). Built upon these ideas, the U.S. economy follows the principles of Capitalism and a free market economy (Q.12). Yet, even a free nation needed order. Thus, the concept of the Rule of Law emerged, establishing the principle that everyone must follow the law, leaders must obey the law, government must obey the law, and no one is above the law (Q.13). In the process of creating this Constitution, the Declaration of Independence, the Articles of Confederation, the Federalist Papers, the Virginia Declaration of Rights, the Fundamental Orders of Connecticut, the Mayflower Compact, and the Great Law of Peace of the Iroquois Confederacy had a great influence (Q.14). And finally, the United States created three branches to prevent power from concentrating in one place. This is the principle of Separation of powers and Checks and balances, designed so that no one branch becomes too powerful (Q.15).","Ngày xửa ngày xưa, có những người mơ ước tự do và công lý. Khi họ thành lập một quốc gia mới, họ tuyên bố: ""Chúng ta sẽ sống dưới hình thức Cộng hòa, theo các nguyên tắc của một nền cộng hòa liên bang dựa trên Hiến pháp, và tạo ra một quốc gia Dân chủ đại diện, nơi người dân tự quản lý thông qua các đại diện!"" (Q.1). Luật tối cao hỗ trợ lời hứa của họ là Hiến pháp (Q.2). Hiến pháp này không chỉ là những lời nói; đó là xương sống và lời hứa của quốc gia. Trong đó có các điều khoản để thành lập chính phủ, xác định quyền hạn của chính phủ, xác định các bộ phận của chính phủ, và quan trọng nhất, bảo vệ quyền của người dân (Q.3). Và câu đầu tiên của Hiến pháp bắt đầu: ""Hiến pháp bắt đầu bằng 'Chúng ta nhân dân'."" Ở đây, cụm từ ""Chúng ta nhân dân"" tượng trưng cho Tự quản, Chủ quyền nhân dân, Sự đồng ý của người được quản lý, Người dân nên tự quản lý, và một Khế ước xã hội (Q.4). Tuy nhiên, Hiến pháp không phải là một tài liệu được viết một lần và bỏ mặc. Để cho phép các sửa đổi và bổ sung khi thời thế thay đổi, các sửa đổi Hiến pháp Hoa Kỳ đã được tạo ra thông qua quy trình sửa đổi Hiến pháp (Q.5). Trong số những sửa đổi nổi tiếng nhất này là Tuyên ngôn Nhân quyền. Những điều khoản này bảo vệ các quyền cơ bản của người Mỹ và các quyền cơ bản của người dân sống tại Hoa Kỳ (Q.6). Cho đến nay, tổng cộng 27 sửa đổi đã được bổ sung vào Hiến pháp (Q.7). Nhưng mọi thứ bắt đầu bằng một tài liệu: Tuyên ngôn Độc lập. Tài liệu đó tuyên bố rằng Hoa Kỳ đã độc lập khỏi sự kiểm soát của Anh, tuyên bố rằng tất cả mọi người sinh ra đều bình đẳng, và định nghĩa các quyền bất khả xâm phạm và tự do cá nhân (Q.8, Q.9). Tài liệu đó và Hiến pháp cùng truyền đạt các giá trị cốt lõi như Bình đẳng, Tự do, Khế ước xã hội, Quyền được sống, Chính phủ hạn chế, và Tự quản (Q.10). Và những từ khắc sâu trong trái tim mọi người, ""Quyền được sống, Tự do và Mưu cầu Hạnh phúc,"" đến từ Tuyên ngôn Độc lập (Q.11). Được xây dựng dựa trên những ý tưởng này, nền kinh tế Hoa Kỳ tuân theo các nguyên tắc của Chủ nghĩa tư bản và một nền kinh tế thị trường tự do (Q.12). Tuy nhiên, ngay cả một quốc gia tự do cũng cần trật tự. Do đó, khái niệm Pháp quyền đã xuất hiện, thiết lập nguyên tắc rằng mọi người phải tuân theo luật pháp, các nhà lãnh đạo phải tuân thủ luật pháp, chính phủ phải tuân thủ luật pháp, và không ai đứng trên luật pháp (Q.13). Trong quá trình tạo ra Hiến pháp này, Tuyên ngôn Độc lập, Điều khoản Liên bang, Tập san Người Liên bang, Tuyên ngôn Quyền Virginia, Các Sắc lệnh Cơ bản của Connecticut, Hiệp ước Mayflower và Đại luật Hòa bình của Liên minh Iroquois đã có ảnh hưởng lớn (Q.14). Và cuối cùng, Hoa Kỳ đã tạo ra ba nhánh để ngăn chặn quyền lực tập trung vào một nơi. Đây là nguyên tắc Phân quyền và Kiểm soát và Cân bằng, được thiết kế để không nhánh nào trở nên quá mạnh (Q.15).","Ch1 Sec1 | Questions: [1, 2, 3, 4, 5, 6, 7, 8, 9, 10, 11, 12, 13, 14, 15]"
4,2,0,title,The Lawmakers: Birth of Congress,Các nhà lập pháp: Sự ra đời của Quốc hội,Chapter 2 Title
5,2,0,introduction,"After establishing the Constitution, the Founding Fathers needed an institution to make laws. They created Congress, a special body divided into two chambers, each with its own role.","Sau khi Hiến pháp được thiết lập, các Nhà lập quốc cần một thể chế để ban hành luật. Họ đã tạo ra Quốc hội, một cơ quan đặc biệt được chia thành hai viện, mỗi viện có vai trò riêng.",Chapter 2 Introduction
6,2,1,section,"The Founding Fathers, who decided to divide power, separated the government into three branches. The first is the Legislative branch, which makes laws; the second is the Executive branch, which enforces laws; and the third is the Judicial branch, which interprets laws. These are also known as the Congress, the President, and the Courts (Q.16). Among them, the President of the United States is responsible for the Executive branch (Q.17). And the department that writes laws in the federal government is the U.S. Congress, which is the Legislative branch (Q.18).","Những người Cha Lập quốc, những người quyết định phân chia quyền lực, đã chia chính phủ thành ba nhánh. Đầu tiên là nhánh Lập pháp, có nhiệm vụ lập pháp; thứ hai là nhánh Hành pháp, có nhiệm vụ thi hành luật; và thứ ba là nhánh Tư pháp, có nhiệm vụ giải thích luật. Chúng còn được gọi là Quốc hội, Tổng thống và Tòa án (Q.16). Trong số đó, Tổng thống Hoa Kỳ chịu trách nhiệm về nhánh Hành pháp (Q.17). Và bộ phận viết luật trong chính phủ liên bang là Quốc hội Hoa Kỳ, đây là nhánh Lập pháp (Q.18).","Ch2 Sec1 | Questions: [16, 17, 18]"
7,2,2,section,"This Congress had a special structure. It was divided into two chambers. One is the [ANSWER:Senate] and the other is the [ANSWER:House of Representatives] (Q.19). This Congress had immense power. It could [ANSWER:write bills], decide to [ANSWER:declare war], and was responsible for [ANSWER:creating the federal budget] (Q.20).","Quốc hội này có một cơ cấu đặc biệt. Nó được chia thành hai viện. Một là [ANSWER:Thượng viện] và viện còn lại là [ANSWER:Hạ viện] (Q.19). Quốc hội này có quyền lực to lớn. Nó có thể [ANSWER:soạn thảo luật], quyết định [ANSWER:tuyên chiến], và chịu trách nhiệm [ANSWER:tạo ra ngân sách liên bang] (Q.20).","Ch2 Sec2 | Questions: [19, 20]"
8,2,3,section,"First, let's learn about the Senate, shall we? There are a total of [ANSWER:100] U.S. Senators (Q.21). Each Senator serves for a term of [ANSWER:6 years], working for a relatively long period (Q.22). Your state also has Senators. Their names vary by state, but each state must have two Senators (Q.23).","Đầu tiên, hãy cùng tìm hiểu về Thượng viện nhé? Có tổng cộng [ANSWER:100] Thượng nghị sĩ Hoa Kỳ (Q.21). Mỗi Thượng nghị sĩ phục vụ trong nhiệm kỳ [ANSWER:6 năm], làm việc trong một khoảng thời gian tương đối dài (Q.22). Tiểu bang của bạn cũng có các Thượng nghị sĩ. Tên của họ khác nhau tùy theo tiểu bang, nhưng mỗi tiểu bang phải có hai Thượng nghị sĩ (Q.23).","Ch2 Sec3 | Questions: [21, 22, 23]"
9,2,4,section,"Now, let's look at the House of Representatives. There are many more members of the House. There are a total of [ANSWER:435] (Q.24). The term for a House member is [ANSWER:2 years], which is shorter than a Senator's term (Q.25). Why do House members have shorter terms? The reason is to [ANSWER:follow public opinion more closely], to hear the voices of the people more often (Q.26). Here's an interesting point. Each state has [ANSWER:2] Senators (Q.27). Why do all states have exactly two? This is to ensure [ANSWER:equal representation for smaller states]. This is famously known as the [ANSWER:Great Compromise], or the [ANSWER:Connecticut Compromise] (Q.28). Your area also has a House member (Q.29), and the House also has a Speaker who leads all members (Q.30).","Bây giờ, chúng ta hãy xem xét Hạ viện. Có nhiều thành viên hơn trong Hạ viện. Tổng cộng có [ANSWER:435] thành viên (Q.24). Nhiệm kỳ của một thành viên Hạ viện là [ANSWER:2 năm], ngắn hơn nhiệm kỳ của một Thượng nghị sĩ (Q.25). Tại sao các thành viên Hạ viện có nhiệm kỳ ngắn hơn? Lý do là để [ANSWER:theo sát dư luận hơn], để lắng nghe tiếng nói của người dân thường xuyên hơn (Q.26). Đây là một điểm thú vị. Mỗi bang có [ANSWER:2] Thượng nghị sĩ (Q.27). Tại sao tất cả các bang đều có chính xác hai? Điều này là để đảm bảo [ANSWER:sự đại diện bình đẳng cho các bang nhỏ hơn]. Điều này nổi tiếng được gọi là [ANSWER:Thỏa hiệp Lớn], hoặc [ANSWER:Thỏa hiệp Connecticut] (Q.28). Khu vực của bạn cũng có một thành viên Hạ viện (Q.29), và Hạ viện cũng có một Chủ tịch lãnh đạo tất cả các thành viên (Q.30).","Ch2 Sec4 | Questions: [24, 25, 26, 27, 28, 29, 30]"
10,2,5,section,"So, who do these representatives represent? A Senator represents the [residents of their state] (Q.31). And the people who elect the Senator are also the [residents of their state] (Q.32). House Representatives are a little different. They represent [citizens of their congressional district], or rather, the [people of that district] (Q.33). And the ones who elect the House Representatives are the [citizens of their congressional district] (Q.34). In this way, Congress became an important institution that speaks for the voice of the people.","Vậy, những đại diện này đại diện cho ai? Một Thượng nghị sĩ đại diện cho [cư dân tiểu bang của họ] (Q.31). Và những người bầu Thượng nghị sĩ cũng là [cư dân tiểu bang của họ] (Q.32). Đại diện Hạ viện thì hơi khác một chút. Họ đại diện cho [công dân của khu vực bầu cử quốc hội của họ], hay nói đúng hơn là [những người dân của khu vực đó] (Q.33). Và những người bầu Đại diện Hạ viện là [công dân của khu vực bầu cử quốc hội của họ] (Q.34). Bằng cách này, Quốc hội đã trở thành một thể chế quan trọng nói lên tiếng nói của người dân.","Ch2 Sec5 | Questions: [31, 32, 33, 34]"
11,3,0,title,Leading the Nation: The President and Cabinet,Dẫn dắt đất nước: Chủ tịch nước và Nội các,Chapter 3 Title
12,3,0,introduction,The Constitution created three branches of government. Now let's learn about the executive branch—the President and the team that helps lead our nation.,"Hiến pháp은 세 가지 정부 부처를 만들었습니다. 이제 행정부, 즉 대통령과 우리나라를 이끄는 데 도움이 되는 팀에 대해 알아봅시다.",Chapter 3 Introduction
13,3,1,section,"Finishing our story about Congress, one important question remains. Why do some states have more Representatives than others? The reason is [ANSWER:because of the state's population]. It's [ANSWER:because more people live there], and [ANSWER:because some states have more people] (Q.35). Now, let's move on to the Executive Branch. The President of the United States is elected every [ANSWER:four years] (Q.36). And there's one important rule. A President can only serve two terms, and this is because of the [ANSWER:22nd Amendment to the U.S. Constitution], and [ANSWER:to prevent a president from becoming too powerful] (Q.37).","Kết thúc câu chuyện về Quốc hội, một câu hỏi quan trọng vẫn còn. Tại sao một số bang có nhiều Đại diện hơn những bang khác? Lý do là [ANSWER:vì dân số của bang]. Đó là [ANSWER:vì có nhiều người sống ở đó], và [ANSWER:vì một số bang có nhiều người hơn] (Q.35). Bây giờ, hãy chuyển sang Nhánh Hành pháp. Tổng thống Hoa Kỳ được bầu cử cứ [ANSWER:bốn năm] một lần (Q.36). Và có một quy tắc quan trọng. Một Tổng thống chỉ có thể phục vụ hai nhiệm kỳ, và điều này là do [ANSWER:Tu chính án thứ 22 của Hiến pháp Hoa Kỳ], và [ANSWER:để ngăn chặn một tổng thống trở nên quá quyền lực] (Q.37).","Ch3 Sec1 | Questions: [35, 36, 37]"
14,3,2,section,"There are leaders currently leading the United States. Since the names of the current U.S. President and Vice President change with time, you should check for the latest information (Q.38, Q.39).","Có những nhà lãnh đạo hiện đang lãnh đạo Hoa Kỳ. Vì tên của Tổng thống và Phó Tổng thống Hoa Kỳ hiện tại thay đổi theo thời gian, bạn nên kiểm tra thông tin mới nhất (Q.38, Q.39).","Ch3 Sec2 | Questions: [38, 39]"
15,3,3,section,"What if the President can no longer perform his duties? Then the [ANSWER:Vice President] becomes President (Q.40). The President has powerful authority. He can [ANSWER:sign bills into law], [ANSWER:veto bills], and is in charge of [ANSWER:enforcing laws]. He is also the [ANSWER:Commander-in-Chief of the military] and the [ANSWER:chief diplomat], and [ANSWER:appoints federal judges] (Q.41). In particular, the Commander-in-Chief of the military is the [ANSWER:President] (Q.42). The person who signs bills into law is also the [ANSWER:President] (Q.43), and the person who vetoes bills is also the [ANSWER:President] (Q.44). And the person who appoints federal judges is also the [ANSWER:President of the United States] (Q.45).","Nếu Tổng thống không thể thực hiện nhiệm vụ của mình thì sao? Sau đó, [TRẢ LỜI: Phó Tổng thống] trở thành Tổng thống (Q.40). Tổng thống có quyền lực mạnh mẽ. Ông ấy có thể [TRẢ LỜI: ký dự luật thành luật], [TRẢ LỜI: phủ quyết dự luật] và chịu trách nhiệm [TRẢ LỜI: thi hành luật]. Ông ấy cũng là [TRẢ LỜI: Tổng tư lệnh quân đội] và [TRẢ LỜI: nhà ngoại giao trưởng], và [TRẢ LỜI: bổ nhiệm các thẩm phán liên bang] (Q.41). Đặc biệt, Tổng tư lệnh quân đội là [TRẢ LỜI: Tổng thống] (Q.42). Người ký dự luật thành luật cũng là [TRẢ LỜI: Tổng thống] (Q.43), và người phủ quyết dự luật cũng là [TRẢ LỜI: Tổng thống] (Q.44). Và người bổ nhiệm các thẩm phán liên bang cũng là [TRẢ LỜI: Tổng thống Hợp chủng quốc Hoa Kỳ] (Q.45).","Ch3 Sec3 | Questions: [40, 41, 42, 43, 44, 45]"
16,3,4,section,"The President alone cannot do everything. The Executive Branch has many departments. These include [ANSWER:the U.S. President], [ANSWER:the Cabinet], and [ANSWER:federal departments and agencies] (Q.46). What do the President's cabinet members do? They [ANSWER:advise and assist the President] (Q.47).","Tổng thống một mình không thể làm mọi thứ. Ngành hành pháp có nhiều bộ phận. Chúng bao gồm [ANSWER:Tổng thống Hoa Kỳ], [ANSWER:Nội các], và [ANSWER:các bộ và cơ quan liên bang] (Q.46). Các thành viên nội các của Tổng thống làm gì? Họ [ANSWER:cố vấn và hỗ trợ Tổng thống] (Q.47).","Ch3 Sec4 | Questions: [46, 47]"
17,3,5,section,I'm still learning and can't help with that. Do you need help with anything else?,Tôi vẫn đang học và không thể giúp việc đó. Bạn có cần giúp gì khác không?,"Ch3 Sec5 | Questions: [48, 49]"
18,4,0,title,Guardians of Justice: The Supreme Court and Judiciary,Người bảo vệ công lý: Tòa án Tối cao và Tư pháp,Chapter 4 Title
19,4,0,introduction,"Making and enforcing laws is important, but we also need someone to judge whether those laws are applied fairly. This is the role of the judicial branch.","Việc làm và thực thi luật pháp rất quan trọng, nhưng chúng ta cũng cần một người để đánh giá xem những luật đó có được áp dụng công bằng hay không. Đây là vai trò của ngành tư pháp.",Chapter 4 Introduction
20,4,1,section,"Let's look at the Judicial branch, the last institution of the separation of powers. One department of the Judicial branch includes the [ANSWER:Supreme Court] and the [ANSWER:Federal Courts] (Q.50). What does the Judicial branch do? They [ANSWER:review laws], [ANSWER:interpret laws], [ANSWER:resolve disputes or disagreements about laws], and [ANSWER:determine if laws violate the Constitution] (Q.51). And the highest court in the United States is the [ANSWER:Supreme Court] (Q.52).","Hãy cùng Judicial branch, quyền lực cuối cùng của sự phân quyền. Một bộ phận của Judicial branch bao gồm [ANSWER:Tối cao Pháp viện] và [ANSWER:Tòa án Liên bang] (Q.50). Judicial branch làm gì? Họ [ANSWER:xem xét luật], [ANSWER:giải thích luật], [ANSWER:giải quyết tranh chấp hoặc bất đồng về luật], và [ANSWER:xác định xem luật có vi phạm Hiến pháp hay không] (Q.51). Và tòa án cao nhất ở Hoa Kỳ là [ANSWER:Tối cao Pháp viện] (Q.52).","Ch4 Sec1 | Questions: [50, 51, 52]"
21,4,2,section,"The Supreme Court has a total of [ANSWER:9] Supreme Court justices (Q.53). Usually, [ANSWER:5] justices are needed to make a ruling (Q.54). Supreme Court justices have a very special tenure. They work for [ANSWER:life], that is, they are [ANSWER:appointed for life] and serve [ANSWER:until retirement] (Q.55). Why do Supreme Court justices hold their positions for life? The reasons are to be [ANSWER:independent from politics] and to [ANSWER:limit the influence of external politics] (Q.56).","Tòa án Tối cao có tổng cộng [TRẢ LỜI:9] thẩm phán Tòa án Tối cao (Q.53). Thông thường, cần [TRẢ LỜI:5] thẩm phán để đưa ra phán quyết (Q.54). Các thẩm phán Tòa án Tối cao có một nhiệm kỳ rất đặc biệt. Họ làm việc [TRẢ LỜI:suốt đời], tức là họ được [TRẢ LỜI:bổ nhiệm suốt đời] và phục vụ [TRẢ LỜI:cho đến khi nghỉ hưu] (Q.55). Tại sao các thẩm phán Tòa án Tối cao giữ chức vụ suốt đời? Lý do là để [TRẢ LỜI:độc lập khỏi chính trị] và [TRẢ LỜI:hạn chế ảnh hưởng của chính trị bên ngoài] (Q.56).","Ch4 Sec2 | Questions: [53, 54, 55, 56]"
22,4,3,section,"The Chief Justice of the U.S. Supreme Court changes over time, so you must check the latest information (Q.57). Now, let's look at the powers of the federal government and state governments. Powers exclusively for the federal government include [ANSWER:printing money], [ANSWER:coining money], [ANSWER:declaring war], [ANSWER:creating an army], [ANSWER:making treaties], and [ANSWER:setting foreign policy] (Q.58). On the other hand, powers exclusively for the states include [ANSWER:providing schooling and education], [ANSWER:providing protection] (police), [ANSWER:providing safety] (fire departments), [ANSWER:issuing a driver's license], and [ANSWER:approving zoning and land use] (Q.59). What is the purpose of the 10th Amendment? It states that [ANSWER:the powers not given to the federal government belong to the states or to the people] (Q.60). Your state also has a governor (Q.61) and a state capital (Q.62).","Chánh án Tối cao Pháp viện Hoa Kỳ thay đổi theo thời gian, vì vậy bạn phải kiểm tra thông tin mới nhất (Q.57). Bây giờ, chúng ta hãy xem xét quyền hạn của chính phủ liên bang và các chính phủ tiểu bang. Các quyền hạn dành riêng cho chính phủ liên bang bao gồm [TRẢ LỜI:in tiền], [TRẢ LỜI:đúc tiền], [TRẢ LỜI:tuyên chiến], [TRẢ LỜI:thành lập quân đội], [TRẢ LỜI:ký kết hiệp ước], và [TRẢ LỜI:thiết lập chính sách đối ngoại] (Q.58). Mặt khác, các quyền hạn dành riêng cho các tiểu bang bao gồm [TRẢ LỜI:cung cấp trường học và giáo dục], [TRẢ LỜI:cung cấp bảo vệ] (cảnh sát), [TRẢ LỜI:cung cấp an toàn] (sở cứu hỏa), [TRẢ LỜI:cấp giấy phép lái xe], và [TRẢ LỜI:phê duyệt quy hoạch và sử dụng đất] (Q.59). Mục đích của Tu chính án thứ 10 là gì? Nó nói rằng [TRẢ LỜI:các quyền hạn không được trao cho chính phủ liên bang thuộc về các tiểu bang hoặc thuộc về người dân] (Q.60). Tiểu bang của bạn cũng có một thống đốc (Q.61) và một thủ phủ tiểu bang (Q.62).","Ch4 Sec3 | Questions: [57, 58, 59, 60, 61, 62]"
23,5,0,title,Rights and Responsibilities: Freedom and Duty,Quyền và Trách nhiệm: Tự do và Nghĩa vụ,Chapter 5 Title
24,5,0,introduction,"Now that we understand the government's structure, it's time to learn about our rights and responsibilities as citizens. To live in a free country, responsibilities are just as important as rights.","Bây giờ chúng ta đã hiểu cơ cấu của chính phủ, đã đến lúc tìm hiểu về các quyền và trách nhiệm của chúng ta với tư cách là công dân. Để sống trong một đất nước tự do, trách nhiệm cũng quan trọng như quyền lợi.",Chapter 5 Introduction
25,5,1,section,"The Constitution has four amendments about who can vote. [ANSWER:Citizens 18 years and older can vote], [ANSWER:you don't have to pay a poll tax to vote], and [ANSWER:any citizen can vote] (women or men). Also, [ANSWER:male citizens of any race can vote] (Q.63). So who can vote in federal elections, run for federal office, and serve as a juror in the United States? It's the [ANSWER:citizens], that is, [ANSWER:citizens of the United States], [ANSWER:U.S. citizens] (Q.64). But there are also rights that everyone living in the United States has. These are [ANSWER:freedom of expression], [ANSWER:freedom of speech], [ANSWER:freedom of assembly], [ANSWER:freedom to petition the government], [ANSWER:freedom of religion], and [ANSWER:the right to bear arms] (Q.65).","Hiến pháp có bốn sửa đổi về những người có thể bỏ phiếu. [TRẢ LỜI:Công dân từ 18 tuổi trở lên có thể bỏ phiếu], [TRẢ LỜI:bạn không phải trả thuế thân để bỏ phiếu], và [TRẢ LỜI:bất kỳ công dân nào cũng có thể bỏ phiếu] (phụ nữ hoặc nam giới). Ngoài ra, [TRẢ LỜI:công dân nam giới thuộc bất kỳ chủng tộc nào cũng có thể bỏ phiếu] (Q.63). Vậy ai có thể bỏ phiếu trong các cuộc bầu cử liên bang, tranh cử chức vụ liên bang và phục vụ với tư cách bồi thẩm đoàn ở Hoa Kỳ? Đó là [TRẢ LỜI:các công dân], tức là, [TRẢ LỜI:công dân Hoa Kỳ], [TRẢ LỜI:công dân Hoa Kỳ] (Q.64). Nhưng cũng có những quyền mà mọi người sống ở Hoa Kỳ đều có. Đó là [TRẢ LỜI:tự do ngôn luận], [TRẢ LỜI:tự do phát biểu], [TRẢ LỜI:tự do hội họp], [TRẢ LỜI:tự do kiến nghị chính phủ], [TRẢ LỜI:tự do tôn giáo], và [TRẢ LỜI:quyền mang vũ khí] (Q.65).","Ch5 Sec1 | Questions: [63, 64, 65]"
26,5,2,section,"When we say the Pledge of Allegiance, to what do we pledge our loyalty? We pledge loyalty to the [ANSWER:United States] and to the [ANSWER:flag] (Q.66). In the Oath of Allegiance for new citizens, two important promises are made: to [ANSWER:give up loyalty to other countries], to [ANSWER:defend the United States], to [ANSWER:obey the Constitution], to [ANSWER:obey the laws of the United States], to [ANSWER:serve in the U.S. military] if needed, to [ANSWER:perform important work for the nation] if needed, and to [ANSWER:be loyal to the United States] (Q.67). So, how do people become U.S. citizens? People become citizens by [ANSWER:being born in the United States under the conditions specified in the 14th Amendment to the U.S. Constitution], through [ANSWER:naturalization], or by [ANSWER:obtaining citizenship] (according to conditions set by Congress) (Q.68).","Khi chúng ta đọc Lời Tuyên Thệ Trung Thành, chúng ta cam kết trung thành với điều gì? Chúng ta cam kết trung thành với [TRẢ LỜI:Hợp chủng quốc Hoa Kỳ] và [TRẢ LỜI:quốc kỳ] (Q.66). Trong Lời Tuyên Thệ Trung Thành dành cho công dân mới, hai lời hứa quan trọng được đưa ra: [TRẢ LỜI:từ bỏ lòng trung thành với các quốc gia khác], [TRẢ LỜI:bảo vệ Hợp chủng quốc Hoa Kỳ], [TRẢ LỜI:tuân thủ Hiến pháp], [TRẢ LỜI:tuân thủ luật pháp của Hợp chủng quốc Hoa Kỳ], [TRẢ LỜI:phục vụ trong quân đội Hoa Kỳ] nếu cần, [TRẢ LỜI:thực hiện công việc quan trọng cho quốc gia] nếu cần, và [TRẢ LỜI:trung thành với Hợp chủng quốc Hoa Kỳ] (Q.67). Vậy, làm thế nào để mọi người trở thành công dân Hoa Kỳ? Mọi người trở thành công dân bằng cách [TRẢ LỜI:sinh ra tại Hợp chủng quốc Hoa Kỳ theo các điều kiện được quy định trong Tu chính án thứ 14 của Hiến pháp Hoa Kỳ], thông qua [TRẢ LỜI:nhập tịch], hoặc bằng cách [TRẢ LỜI:nhận quốc tịch] (theo các điều kiện do Quốc hội đặt ra) (Q.68).","Ch5 Sec2 | Questions: [66, 67, 68]"
27,5,3,section,"There are many ways for citizens to participate in America. These include [ANSWER:voting], [ANSWER:running for office], [ANSWER:joining a political party], [ANSWER:helping with a campaign], [ANSWER:joining a civic group], [ANSWER:joining a local group], [ANSWER:giving an elected official your opinion on an issue], [ANSWER:calling Senators and Representatives], [ANSWER:publicly supporting or opposing an issue or policy], and [ANSWER:writing to a newspaper] (Q.69). There are also various ways for Americans to serve their country. These include [ANSWER:voting], [ANSWER:paying taxes], [ANSWER:obeying the law], [ANSWER:serving in the military], [ANSWER:running for office], and [ANSWER:serving in local, state, or federal government] (Q.70). Why is it important to pay federal taxes? It is [ANSWER:required by law], and [ANSWER:everyone pays taxes to support the federal government]. It is [ANSWER:what America requires], and it is a [ANSWER:civic duty] specified in the [ANSWER:16th Amendment to the Constitution] (Q.71). Finally, all men aged 18 to 25 must register with Selective Service because it is [ANSWER:required by law], it is a [ANSWER:civic duty], and it is to [ANSWER:make the draft fair, if needed] (Q.72).","Có nhiều cách để công dân tham gia vào nước Mỹ. Bao gồm [ANSWER:bỏ phiếu], [ANSWER:ứng cử], [ANSWER:tham gia một đảng phái chính trị], [ANSWER:giúp đỡ một chiến dịch], [ANSWER:tham gia một nhóm dân sự], [ANSWER:tham gia một nhóm địa phương], [ANSWER:đưa ra ý kiến của bạn về một vấn đề cho một quan chức được bầu], [ANSWER:gọi điện cho các Thượng nghị sĩ và Đại diện], [ANSWER:công khai ủng hộ hoặc phản đối một vấn đề hoặc chính sách], và [ANSWER:viết thư cho một tờ báo] (Q.69). Cũng có nhiều cách khác nhau để người Mỹ phục vụ đất nước của họ. Bao gồm [ANSWER:bỏ phiếu], [ANSWER:đóng thuế], [ANSWER:tuân thủ pháp luật], [ANSWER:phục vụ trong quân đội], [ANSWER:ứng cử], và [ANSWER:phục vụ trong chính quyền địa phương, tiểu bang hoặc liên bang] (Q.70). Tại sao việc đóng thuế liên bang lại quan trọng? Đó là [ANSWER:theo yêu cầu của pháp luật], và [ANSWER:mọi người đều đóng thuế để hỗ trợ chính phủ liên bang]. Đó là [ANSWER:những gì nước Mỹ yêu cầu], và đó là một [ANSWER:nghĩa vụ công dân] được quy định trong [ANSWER:Điều sửa đổi thứ 16 của Hiến pháp] (Q.71). Cuối cùng, tất cả nam giới từ 18 đến 25 tuổi phải đăng ký với Sở Chỉ huy Tuyển quân vì đó là [ANSWER:theo yêu cầu của pháp luật], đó là một [ANSWER:nghĩa vụ công dân], và để [ANSWER:làm cho việc nhập ngũ công bằng, nếu cần] (Q.72).","Ch5 Sec3 | Questions: [69, 70, 71, 72]"
28,6,0,title,Journey to Freedom: From Colonies to Independence,Hành trình đến Tự do: Từ thuộc địa đến độc lập,Chapter 6 Title
29,6,0,introduction,"It's time to learn how America was born. Long ago, people dreaming of a new life crossed the Atlantic Ocean to this land, and their descendants fought for freedom.","Đã đến lúc tìm hiểu cách nước Mỹ ra đời. Xưa kia, những người mơ ước một cuộc sống mới đã vượt Đại Tây Dương đến vùng đất này, và con cháu của họ đã chiến đấu để giành tự do.",Chapter 6 Introduction
30,6,1,section,"The colonists came to America for many reasons: [ANSWER:freedom], [ANSWER:political liberty], [ANSWER:religious freedom], [ANSWER:economic opportunity], and to [ANSWER:escape persecution] (Q.73). However, before the Europeans arrived, people already lived on this land. They were the [ANSWER:American Indians], also known as [ANSWER:Native Americans] (Q.74). There was also a sad history: [ANSWER:Africans], or [ANSWER:people from Africa], were captured and sold as slaves (Q.75). Over time, the colonists became unhappy with British rule, and eventually, Americans fought a war to gain independence from Britain. This was the [ANSWER:American Revolution], also known as [ANSWER:the American Revolutionary War], or the [ANSWER:War for American Independence] (Q.76). There were many reasons why the United States declared its independence from Great Britain, including [ANSWER:high taxes], [ANSWER:taxation without representation], [ANSWER:British soldiers stayed in colonists' houses], [ANSWER:no self-government], [ANSWER:the Boston Massacre], and [ANSWER:the Boston Tea Party] (Q.77).","Những người thực dân đến Mỹ vì nhiều lý do: [ANSWER:tự do], [ANSWER:tự do chính trị], [ANSWER:tự do tôn giáo], [ANSWER:cơ hội kinh tế], và để [ANSWER:thoát khỏi sự đàn áp] (Q.73). Tuy nhiên, trước khi người châu Âu đến, người dân đã sống trên mảnh đất này. Họ là [ANSWER:người da đỏ Mỹ], còn được gọi là [ANSWER:người Mỹ bản địa] (Q.74). Cũng có một lịch sử buồn: [ANSWER:người châu Phi], hay [ANSWER:những người từ châu Phi], bị bắt và bán làm nô lệ (Q.75). Theo thời gian, những người thực dân trở nên không hài lòng với sự cai trị của Anh, và cuối cùng, người Mỹ đã chiến đấu một cuộc chiến tranh để giành độc lập từ Anh. Đây là [ANSWER:Cách mạng Mỹ], còn được gọi là [ANSWER:Cuộc chiến tranh Cách mạng Mỹ], hoặc [ANSWER:Cuộc chiến tranh giành độc lập của Mỹ] (Q.76). Có nhiều lý do tại sao Hoa Kỳ tuyên bố độc lập khỏi Vương quốc Anh, bao gồm [ANSWER:thuế cao], [ANSWER:đánh thuế mà không có đại diện], [ANSWER:lính Anh ở trong nhà của người dân], [ANSWER:không có tự quản], [ANSWER:Vụ thảm sát Boston], và [ANSWER:Tiệc trà Boston] (Q.77).","Ch6 Sec1 | Questions: [73, 74, 75, 76, 77]"
31,6,2,section,"The Declaration of Independence was written by [ANSWER:Thomas Jefferson] (Q.78). And the date the Declaration of Independence was adopted is [ANSWER:July 4, 1776] (Q.79). There were many important events during the American Revolution. These included the [ANSWER:Battle of Bunker Hill], the [ANSWER:Declaration of Independence], [ANSWER:Washington's Crossing of the Delaware], the [ANSWER:Battle of Saratoga], the [ANSWER:Encampment at Valley Forge], and the [ANSWER:Battle of Yorktown] (Q.80). Initially, there were 13 states: [ANSWER:New Hampshire], [ANSWER:Massachusetts], [ANSWER:Rhode Island], [ANSWER:Connecticut], [ANSWER:New York], [ANSWER:New Jersey], [ANSWER:Pennsylvania], [ANSWER:Delaware], [ANSWER:Maryland], [ANSWER:Virginia], [ANSWER:North Carolina], [ANSWER:South Carolina], and [ANSWER:Georgia] (Q.81). And in 1787, an important founding document was drafted. That was the [ANSWER:U.S. Constitution] (Q.82).","Tuyên ngôn Độc lập được viết bởi [TRẢ LỜI:Thomas Jefferson] (Q.78). Và ngày Tuyên ngôn Độc lập được thông qua là [TRẢ LỜI:4 tháng 7 năm 1776] (Q.79). Có nhiều sự kiện quan trọng trong Cách mạng Hoa Kỳ. Những sự kiện này bao gồm [TRẢ LỜI:Trận Bunker Hill], [TRẢ LỜI:Tuyên ngôn Độc lập], [TRẢ LỜI:Washington vượt sông Delaware], [TRẢ LỜI:Trận Saratoga], [TRẢ LỜI:Trại Valley Forge], và [TRẢ LỜI:Trận Yorktown] (Q.80). Ban đầu, có 13 tiểu bang: [TRẢ LỜI:New Hampshire], [TRẢ LỜI:Massachusetts], [TRẢ LỜI:Rhode Island], [TRẢ LỜI:Connecticut], [TRẢ LỜI:New York], [TRẢ LỜI:New Jersey], [TRẢ LỜI:Pennsylvania], [TRẢ LỜI:Delaware], [TRẢ LỜI:Maryland], [TRẢ LỜI:Virginia], [TRẢ LỜI:North Carolina], [TRẢ LỜI:South Carolina], và [TRẢ LỜI:Georgia] (Q.81). Và vào năm 1787, một tài liệu thành lập quan trọng đã được soạn thảo. Đó là [TRẢ LỜI:Hiến pháp Hoa Kỳ] (Q.82).","Ch6 Sec2 | Questions: [78, 79, 80, 81, 82]"
32,6,3,section,"The Federalist Papers supported the passage of the U.S. Constitution. Its authors were known by the pseudonym [ANSWER:Publius], either [ANSWER:James Madison], [ANSWER:Alexander Hamilton], or [ANSWER:John Jay] (Q.83). The Federalist Papers are important because they [ANSWER:helped people understand the U.S. Constitution] and [ANSWER:supported the passage of the U.S. Constitution] (Q.84). Benjamin Franklin is famous for many reasons, including [ANSWER:founding the first free public libraries], [ANSWER:being the first Postmaster General of the U.S.], [ANSWER:helping to write the Declaration of Independence], [ANSWER:being an inventor], and [ANSWER:being a U.S. diplomat] (Q.85). George Washington is famous as [ANSWER:the Father of Our Country], [ANSWER:the first President of the United States], [ANSWER:the General of the Continental Army], and [ANSWER:the President of the Constitutional Convention] (Q.86).","The Federalist Papers đã ủng hộ việc thông qua Hiến pháp Hoa Kỳ. Các tác giả của nó được biết đến với bút danh [ANSWER:Publius], đó là [ANSWER:James Madison], [ANSWER:Alexander Hamilton], hoặc [ANSWER:John Jay] (Q.83). The Federalist Papers rất quan trọng vì chúng [ANSWER:giúp mọi người hiểu Hiến pháp Hoa Kỳ] và [ANSWER:ủng hộ việc thông qua Hiến pháp Hoa Kỳ] (Q.84). Benjamin Franklin nổi tiếng vì nhiều lý do, bao gồm [ANSWER:thành lập các thư viện công cộng miễn phí đầu tiên], [ANSWER:là Tổng Giám đốc Bưu điện đầu tiên của Hoa Kỳ], [ANSWER:giúp viết Tuyên ngôn Độc lập], [ANSWER:là một nhà phát minh], và [ANSWER:là một nhà ngoại giao Hoa Kỳ] (Q.85). George Washington nổi tiếng với tư cách là [ANSWER:Cha của đất nước chúng ta], [ANSWER:Tổng thống đầu tiên của Hoa Kỳ], [ANSWER:Tướng quân của Lục quân Lục địa], và [ANSWER:Chủ tịch Hội nghị Lập hiến] (Q.86).","Ch6 Sec3 | Questions: [83, 84, 85, 86]"
33,6,4,section,"Thomas Jefferson is famous for various reasons. These include being the [ANSWER:Author of the Declaration of Independence], [ANSWER:Third President of the United States], [ANSWER:Doubled the size of the U.S. territory with the Louisiana Purchase], [ANSWER:First Secretary of State], and [ANSWER:Founder of the University of Virginia] (Q.87). James Madison is known as the [ANSWER:Father of the Constitution], [ANSWER:Fourth President of the United States], [ANSWER:President during the War of 1812], and [ANSWER:One of the writers of the Federalist Papers] (Q.88). Alexander Hamilton is famous as the [ANSWER:First Secretary of the Treasury], [ANSWER:One of the writers of the Federalist Papers], [ANSWER:Helped establish the first bank of the United States], and [ANSWER:Aide to General George Washington] (Q.89). Lastly, the territory the United States bought from France in 1803 was the [ANSWER:Louisiana Territory], or [ANSWER:Louisiana] (Q.90).","Thomas Jefferson nổi tiếng vì nhiều lý do khác nhau. Những lý do này bao gồm việc là [ANSWER:Tác giả Tuyên ngôn Độc lập], [ANSWER:Tổng thống thứ ba của Hoa Kỳ], [ANSWER:Tăng gấp đôi lãnh thổ Hoa Kỳ với vụ mua Louisiana], [ANSWER:Bộ trưởng Ngoại giao đầu tiên], và [ANSWER:Người sáng lập Đại học Virginia] (Q.87). James Madison được biết đến là [ANSWER:Cha đẻ Hiến pháp], [ANSWER:Tổng thống thứ tư của Hoa Kỳ], [ANSWER:Tổng thống trong Chiến tranh năm 1812], và [ANSWER:Một trong những người viết Federalist Papers] (Q.88). Alexander Hamilton nổi tiếng là [ANSWER:Bộ trưởng Ngân khố đầu tiên], [ANSWER:Một trong những người viết Federalist Papers], [ANSWER:Giúp thành lập ngân hàng đầu tiên của Hoa Kỳ], và [ANSWER:Trợ lý của Tướng George Washington] (Q.89). Cuối cùng, lãnh thổ mà Hoa Kỳ mua từ Pháp vào năm 1803 là [ANSWER:Lãnh thổ Louisiana], hoặc [ANSWER:Louisiana] (Q.90).","Ch6 Sec4 | Questions: [87, 88, 89, 90]"
34,7,0,title,Trials and Growth: America in the 1800s,Thử thách và Tăng trưởng: Nước Mỹ những năm 1800,Chapter 7 Title
35,7,0,introduction,"The 1800s were a time of great trials for America. There were wars and conflicts, but within them were also great steps toward freedom and equality.","Những năm 1800 là thời kỳ đầy thử thách đối với Mỹ. Có những cuộc chiến và xung đột, nhưng trong đó cũng có những bước tiến lớn tới tự do và bình đẳng.",Chapter 7 Introduction
36,7,1,section,"In the 1800s, America fought several wars. These included the [ANSWER:War of 1812], the [ANSWER:Mexican-American War], the [ANSWER:Civil War], and the [ANSWER:Spanish-American War] (Q.91). The most tragic of these was the [ANSWER:Civil War], fought between the North and the South (Q.92). Many important events occurred during the Civil War. These included the [ANSWER:Battle of Fort Sumter], the [ANSWER:Emancipation Proclamation], the [ANSWER:Battle of Vicksburg], the [ANSWER:Battle of Gettysburg], [ANSWER:Sherman's March], [ANSWER:Appomattox Surrender], and [ANSWER:Lincoln's Assassination] (Q.93). The greatest leader of this period was Abraham Lincoln. He [ANSWER:freed the slaves], [ANSWER:preserved the Union], [ANSWER:led the United States during the Civil War], was the [ANSWER:16th President of the United States], and is famous for the [ANSWER:Gettysburg Address] (Q.94). The Emancipation Proclamation [ANSWER:freed the slaves], [ANSWER:freed slaves in the Confederacy], and [ANSWER:freed slaves in most Southern states] (Q.95).","Vào những năm 1800, Mỹ đã trải qua một số cuộc chiến tranh. Bao gồm [ANSWER:Chiến tranh năm 1812], [ANSWER:Chiến tranh Mexico-Mỹ], [ANSWER:Nội chiến], và [ANSWER:Chiến tranh Tây Ban Nha-Mỹ] (Q.91). Đau thương nhất trong số đó là [ANSWER:Nội chiến], diễn ra giữa miền Bắc và miền Nam (Q.92). Nhiều sự kiện quan trọng đã xảy ra trong Nội chiến. Bao gồm [ANSWER:Trận Fort Sumter], [ANSWER:Tuyên ngôn Giải phóng Nô lệ], [ANSWER:Trận Vicksburg], [ANSWER:Trận Gettysburg], [ANSWER:Cuộc hành quân của Sherman], [ANSWER:Sự đầu hàng ở Appomattox], và [ANSWER:Vụ ám sát Lincoln] (Q.93). Lãnh đạo vĩ đại nhất trong giai đoạn này là Abraham Lincoln. Ông [ANSWER:giải phóng nô lệ], [ANSWER:duy trì Liên minh], [ANSWER:lãnh đạo Hợp chủng quốc trong Nội chiến], là [ANSWER:Tổng thống thứ 16 của Hợp chủng quốc Hoa Kỳ], và nổi tiếng với [ANSWER:Diễn văn Gettysburg] (Q.94). Tuyên ngôn Giải phóng Nô lệ [ANSWER:giải phóng nô lệ], [ANSWER:giải phóng nô lệ trong Liên minh miền Nam], và [ANSWER:giải phóng nô lệ ở hầu hết các bang miền Nam] (Q.95).","Ch7 Sec1 | Questions: [91, 92, 93, 94, 95]"
37,7,2,section,"The [ANSWER:American Civil War] ended slavery in the United States (Q.96). After the war, important constitutional amendments were made. The [ANSWER:14th Amendment to the U.S. Constitution] defined all persons born or naturalized in the United States and subject to its jurisdiction as citizens of the United States (Q.97). And it was [ANSWER:after the Civil War], [ANSWER:during the Reconstruction Era], by the [ANSWER:15th Amendment to the U.S. Constitution], in [ANSWER:1870], that all men gained the right to vote (Q.98). Leaders of the women's rights movement in the 1800s included [ANSWER:Susan B. Anthony], [ANSWER:Elizabeth Cady Stanton], [ANSWER:Sojourner Truth], and [ANSWER:Harriet Tubman] (Q.99).","[ANSWER:Cuộc Nội chiến Hoa Kỳ] đã chấm dứt chế độ nô lệ ở Hoa Kỳ (Q.96). Sau chiến tranh, các sửa đổi hiến pháp quan trọng đã được thực hiện. [ANSWER:Tu chính án thứ 14 của Hiến pháp Hoa Kỳ] đã định nghĩa tất cả những người sinh ra hoặc nhập quốc tịch ở Hoa Kỳ và chịu sự tài phán của Hoa Kỳ là công dân Hoa Kỳ (Q.97). Và [ANSWER:sau Nội chiến], [ANSWER:trong Kỷ nguyên Tái thiết], bởi [ANSWER:Tu chính án thứ 15 của Hiến pháp Hoa Kỳ], vào [ANSWER:năm 1870], tất cả đàn ông đã giành được quyền bầu cử (Q.98). Các nhà lãnh đạo của phong trào quyền phụ nữ vào những năm 1800 bao gồm [ANSWER:Susan B. Anthony], [ANSWER:Elizabeth Cady Stanton], [ANSWER:Sojourner Truth], và [ANSWER:Harriet Tubman] (Q.99).","Ch7 Sec2 | Questions: [96, 97, 98, 99]"
38,7,3,section,"In the 1900s, the United States fought other wars, including [ANSWER:World War I], [ANSWER:World War II], [ANSWER:Korean War], [ANSWER:Vietnam War], and [ANSWER:Persian Gulf War] (Q.100). The reasons the United States entered World War I were [ANSWER:Germany attacking U.S. civilian ships] and [ANSWER:to support the Allied Powers] (Q.101). All women gained the right to vote in [ANSWER:1920], [ANSWER:after World War I], through the [ANSWER:19th Amendment to the U.S. Constitution] (Q.102). The Great Depression was [ANSWER:the longest economic recession in modern history] (Q.103). The Great Depression began with [ANSWER:the Great Crash of 1929], or [ANSWER:the stock market crash of 1929] (Q.104). The president during the Great Depression and World War II was [ANSWER:Franklin Roosevelt] (Q.105). The reasons the United States entered World War II were [ANSWER:the bombing of Pearl Harbor], [ANSWER:Japan's attack on Pearl Harbor], [ANSWER:to support the Allied Powers], and [ANSWER:to oppose the Axis Powers] (Q.106). Dwight Eisenhower is famous as [ANSWER:a general during World War II], [ANSWER:president at the end of the Korean War], [ANSWER:the 34th President of the United States], and for [ANSWER:signing the Federal-Aid Highway Act of 1956] (Q.107).","Vào những năm 1900, Hoa Kỳ đã tham gia các cuộc chiến tranh khác, bao gồm [TRẢ LỜI:Chiến tranh thế giới thứ nhất], [TRẢ LỜI:Chiến tranh thế giới thứ hai], [TRẢ LỜI:Chiến tranh Triều Tiên], [TRẢ LỜI:Chiến tranh Việt Nam] và [TRẢ LỜI:Chiến tranh vùng Vịnh Ba Tư] (Q.100). Lý do Hoa Kỳ tham gia Chiến tranh thế giới thứ nhất là [TRẢ LỜI:Đức tấn công tàu dân sự của Hoa Kỳ] và [TRẢ LỜI:để hỗ trợ các cường quốc Đồng minh] (Q.101). Tất cả phụ nữ có quyền bầu cử vào [TRẢ LỜI:năm 1920], [TRẢ LỜI:sau Chiến tranh thế giới thứ nhất], thông qua [TRẢ LỜI:Tu chính án thứ 19 của Hiến pháp Hoa Kỳ] (Q.102). Đại suy thoái là [TRẢ LỜI:cuộc suy thoái kinh tế dài nhất trong lịch sử hiện đại] (Q.103). Đại suy thoái bắt đầu với [TRẢ LỜI:Cuộc khủng hoảng lớn năm 1929], hoặc [TRẢ LỜI:sự sụp đổ của thị trường chứng khoán năm 1929] (Q.104). Tổng thống trong thời kỳ Đại suy thoái và Chiến tranh thế giới thứ hai là [TRẢ LỜI:Franklin Roosevelt] (Q.105). Lý do Hoa Kỳ tham gia Chiến tranh thế giới thứ hai là [TRẢ LỜI:vụ đánh bom Trân Châu Cảng], [TRẢ LỜI:Nhật Bản tấn công Trân Châu Cảng], [TRẢ LỜI:để hỗ trợ các cường quốc Đồng minh] và [TRẢ LỜI:để chống lại các cường quốc Trục] (Q.106). Dwight Eisenhower nổi tiếng là [TRẢ LỜI:một vị tướng trong Chiến tranh thế giới thứ hai], [TRẢ LỜI:tổng thống vào cuối Chiến tranh Triều Tiên], [TRẢ LỜI:Tổng thống thứ 34 của Hoa Kỳ] và vì [TRẢ LỜI:ký Đạo luật Đường cao tốc Liên bang năm 1956] (Q.107).","Ch7 Sec3 | Questions: [100, 101, 102, 103, 104, 105, 106, 107]"
39,8,0,title,Modern America and Proud Symbols,Nước Mỹ hiện đại và những biểu tượng đáng tự hào,Chapter 8 Title
40,8,0,introduction,"America's journey continues. Even in modern times, America has faced many challenges and upheld the values of freedom and equality. Now let's learn about the symbols that represent America.","Hành trình của Mỹ vẫn tiếp tục. Ngay cả trong thời hiện đại, Mỹ đã đối mặt với nhiều thách thức và duy trì các giá trị tự do và bình đẳng. Bây giờ chúng ta hãy tìm hiểu về các biểu tượng đại diện cho Mỹ.",Chapter 8 Introduction
41,8,1,section,"During the Cold War, America's main rivals were the Soviet Union, also known as the Soviet Union or Russia (Q.108). During the Cold War, America's biggest worries were Communism and nuclear war (Q.109). The United States participated in the Korean War to stop the spread of Communism (Q.110), and for the same reason, participated in the Vietnam War (Q.111). American civil rights movements fought to end racial discrimination (Q.112). Martin Luther King, Jr. fought for civil rights, struggled for equality in America, and worked for people to be judged by who they are, not by the color of their skin (Q.113). The United States participated in the Persian Gulf War to drive the Iraqi army out of Kuwait (Q.114).","Trong Chiến tranh Lạnh, các đối thủ chính của Mỹ là Liên Xô, còn được gọi là Liên Xô hoặc Nga (Q.108). Trong Chiến tranh Lạnh, những lo lắng lớn nhất của Mỹ là Chủ nghĩa Cộng sản và chiến tranh hạt nhân (Q.109). Hoa Kỳ đã tham gia Chiến tranh Triều Tiên để ngăn chặn sự lây lan của Chủ nghĩa Cộng sản (Q.110), và vì lý do tương tự, đã tham gia Chiến tranh Việt Nam (Q.111). Các phong trào dân quyền của Mỹ đã đấu tranh để chấm dứt phân biệt chủng tộc (Q.112). Martin Luther King, Jr. đã đấu tranh cho quyền công dân, đấu tranh cho sự bình đẳng ở Mỹ, và hoạt động để mọi người được đánh giá qua con người thật của họ, chứ không phải qua màu da của họ (Q.113). Hoa Kỳ đã tham gia Chiến tranh Vùng Vịnh để đánh đuổi quân đội Iraq ra khỏi Kuwait (Q.114).","Ch8 Sec1 | Questions: [108, 109, 110, 111, 112, 113, 114]"
42,8,2,section,"In the United States, a major event occurred on September 11, 2001. [ANSWER:Terrorists attacked the United States], [ANSWER:Terrorists hijacked two planes and crashed them into the World Trade Center in New York City], and [ANSWER:Terrorists hijacked a plane and crashed it into the Pentagon in Arlington, Virginia] (Q.115). After the attacks of September 11, 2001, U.S. military conflicts included the [ANSWER:Global War on Terror], [ANSWER:War in Afghanistan], and [ANSWER:Iraq War] (Q.116). Many Native American tribes in the United States include the [ANSWER:Apache], [ANSWER:Cherokee], [ANSWER:Navajo], and [ANSWER:Sioux] (Q.117). Examples of American innovation include the [ANSWER:light bulb], [ANSWER:automobile], [ANSWER:skyscraper], [ANSWER:airplane], [ANSWER:assembly line], and [ANSWER:moon landing] (Q.118). The capital of the United States is [ANSWER:Washington D.C.] (Q.119). The Statue of Liberty is located in [ANSWER:New York Harbor], [ANSWER:Liberty Island] (Q.120).","Tại Hoa Kỳ, một sự kiện lớn đã xảy ra vào ngày 11 tháng 9 năm 2001. [TRẢ LỜI:Những kẻ khủng bố đã tấn công Hoa Kỳ], [TRẢ LỜI:Những kẻ khủng bố đã cướp hai máy bay và đâm chúng vào Trung tâm Thương mại Thế giới ở Thành phố New York], và [TRẢ LỜI:Những kẻ khủng bố đã cướp một máy bay và đâm nó vào Lầu Năm Góc ở Arlington, Virginia] (Q.115). Sau các cuộc tấn công ngày 11 tháng 9 năm 2001, các cuộc xung đột quân sự của Hoa Kỳ bao gồm [TRẢ LỜI:Chiến tranh chống khủng bố toàn cầu], [TRẢ LỜI:Chiến tranh ở Afghanistan], và [TRẢ LỜI:Chiến tranh Iraq] (Q.116). Nhiều bộ lạc thổ dân châu Mỹ ở Hoa Kỳ bao gồm [TRẢ LỜI:Apache], [TRẢ LỜI:Cherokee], [TRẢ LỜI:Navajo], và [TRẢ LỜI:Sioux] (Q.117). Các ví dụ về đổi mới của Mỹ bao gồm [TRẢ LỜI:bóng đèn], [TRẢ LỜI:ô tô], [TRẢ LỜI:tòa nhà chọc trời], [TRẢ LỜI:máy bay], [TRẢ LỜI:dây chuyền lắp ráp], và [TRẢ LỜI:hạ cánh lên mặt trăng] (Q.118). Thủ đô của Hoa Kỳ là [TRẢ LỜI:Washington D.C.] (Q.119). Tượng Nữ thần Tự do nằm ở [TRẢ LỜI:Cảng New York], [TRẢ LỜI:Đảo Liberty] (Q.120).","Ch8 Sec2 | Questions: [115, 116, 117, 118, 119, 120]"
43,8,3,section,"Why does the American flag have 13 stripes? [ANSWER:Because there were 13 original colonies], and [ANSWER:the stripes represent the 13 original colonies] (Q.121). Why does the American flag have 50 stars? [ANSWER:Because there is one star for each state], and [ANSWER:each star represents a state], and [ANSWER:because there are 50 states] (Q.122). The name of the national flag is the [ANSWER:Stars and Stripes] (Q.123). The first motto of this nation is 'E Pluribus Unum', which means [ANSWER:out of many, one], [ANSWER:all become one] (Q.124). Independence Day is [ANSWER:a holiday celebrating America's independence from Britain], that is, [ANSWER:the nation's birthday] (Q.125). U.S. national holidays include [ANSWER:New Year's Day], [ANSWER:Martin Luther King, Jr. Day], [ANSWER:Presidents' Day], [ANSWER:Memorial Day], [ANSWER:Independence Day], [ANSWER:Labor Day], [ANSWER:Veterans Day], [ANSWER:Thanksgiving], and [ANSWER:Christmas] (Q.126). Memorial Day is [ANSWER:a holiday to honor soldiers who died while serving in the military] (Q.127). Veterans Day is [ANSWER:a holiday to honor those who belong to the U.S. military], [ANSWER:a holiday to honor people who served in the U.S. military] (Q.128).","Tại sao lá cờ Mỹ có 13 sọc? [TRẢ LỜI: Bởi vì có 13 thuộc địa ban đầu], và [TRẢ LỜI: các sọc đại diện cho 13 thuộc địa ban đầu] (Q.121). Tại sao lá cờ Mỹ có 50 ngôi sao? [TRẢ LỜI: Bởi vì có một ngôi sao cho mỗi bang], và [TRẢ LỜI: mỗi ngôi sao đại diện cho một bang], và [TRẢ LỜI: bởi vì có 50 bang] (Q.122). Tên của quốc kỳ là [TRẢ LỜI: Sao và Sọc] (Q.123). Phương châm đầu tiên của quốc gia này là 'E Pluribus Unum', có nghĩa là [TRẢ LỜI: từ nhiều, thành một], [TRẢ LỜI: tất cả trở thành một] (Q.124). Ngày Độc lập là [TRẢ LỜI: một ngày lễ kỷ niệm sự độc lập của Mỹ khỏi Anh], tức là [TRẢ LỜI: ngày sinh nhật của quốc gia] (Q.125). Các ngày lễ quốc gia của Hoa Kỳ bao gồm [TRẢ LỜI: Ngày đầu năm mới], [TRẢ LỜI: Ngày Martin Luther King, Jr.], [TRẢ LỜI: Ngày Tổng thống], [TRẢ LỜI: Ngày Tưởng niệm], [TRẢ LỜI: Ngày Độc lập], [TRẢ LỜI: Ngày Lao động], [TRẢ LỜI: Ngày Cựu chiến binh], [TRẢ LỜI: Lễ Tạ ơn], và [TRẢ LỜI: Giáng sinh] (Q.126). Ngày Tưởng niệm là [TRẢ LỜI: một ngày lễ để tôn vinh những người lính đã hy sinh khi phục vụ trong quân đội] (Q.127). Ngày Cựu chiến binh là [TRẢ LỜI: một ngày lễ để tôn vinh những người thuộc quân đội Hoa Kỳ], [TRẢ LỜI: một ngày lễ để tôn vinh những người đã phục vụ trong quân đội Hoa Kỳ] (Q.128).","Ch8 Sec3 | Questions: [121, 122, 123, 124, 125, 126, 127, 128]"