ID,ChapterID,SectionID,Type,English_Full,Hindi_Full,Notes
1,1,0,title,Blueprint for Freedom: The Birth of the Constitution,स्वतंत्रता का खाका: संविधान का जन्म,Chapter 1 Title
2,1,0,introduction,"Before the United States became a nation, the great Founding Fathers drew up the most important 'blueprint.' Without this Constitution, today's America would not exist.","संयुक्त राज्य अमेरिका एक राष्ट्र बनने से पहले, महान संस्थापक पिताओं ने सबसे महत्वपूर्ण 'खाका' तैयार किया था। इस संविधान के बिना, आज का अमेरिका अस्तित्व में नहीं होता।",Chapter 1 Introduction
3,1,1,section,"Once upon a time, there were people who dreamed of freedom and justice. As they established a new nation, they declared: ""We shall live as a Republic, under the principles of a Constitution-based federal republic, and create a nation of Representative democracy where people govern themselves through representatives!"" (Q.1). The supreme law supporting their promise was the Constitution (Q.2). This Constitution was not just words; it was the backbone and the promise of the nation. Within it were provisions to form the government, define the powers of government, define the departments of government, and most importantly, protect the rights of the people (Q.3). And the first sentence of the Constitution began: ""The Constitution begins with 'We the People.'"" Here, the phrase ""We the People"" symbolizes Self-government, Popular sovereignty, Consent of the governed, People should govern themselves, and a Social contract (Q.4). However, the Constitution was not a document written once and left untouched. To allow for amendments and additions as times changed, amendments to the U.S. Constitution were created through the Constitutional amendment process (Q.5). Among the most famous of these amendments are the Bill of Rights. These provisions protect the basic rights of Americans and the basic rights of people living in the United States (Q.6). To date, a total of 27 amendments have been added to the Constitution (Q.7). But everything began with one document: the Declaration of Independence. That document declared that the United States was free from British control, stated that all men are created equal, and defined unalienable rights and individual liberty (Q.8, Q.9). That document and the Constitution together conveyed core values such as Equality, Liberty, Social contract, Right to life, Limited government, and Self-government (Q.10). And the words deeply etched in people's hearts, ""Life, Liberty, and the pursuit of Happiness,"" came from the Declaration of Independence (Q.11). Built upon these ideas, the U.S. economy follows the principles of Capitalism and a free market economy (Q.12). Yet, even a free nation needed order. Thus, the concept of the Rule of Law emerged, establishing the principle that everyone must follow the law, leaders must obey the law, government must obey the law, and no one is above the law (Q.13). In the process of creating this Constitution, the Declaration of Independence, the Articles of Confederation, the Federalist Papers, the Virginia Declaration of Rights, the Fundamental Orders of Connecticut, the Mayflower Compact, and the Great Law of Peace of the Iroquois Confederacy had a great influence (Q.14). And finally, the United States created three branches to prevent power from concentrating in one place. This is the principle of Separation of powers and Checks and balances, designed so that no one branch becomes too powerful (Q.15).","एक समय की बात है, कुछ लोग ऐसे थे जो स्वतंत्रता और न्याय का सपना देखते थे। एक नए राष्ट्र की स्थापना करते हुए, उन्होंने घोषणा की: ""हम एक गणराज्य के रूप में रहेंगे, संविधान-आधारित संघीय गणराज्य के सिद्धांतों के तहत, और एक प्रतिनिधि लोकतंत्र का राष्ट्र बनाएंगे जहाँ लोग प्रतिनिधियों के माध्यम से खुद पर शासन करेंगे!"" (Q.1)। उनके वादे का समर्थन करने वाला सर्वोच्च कानून संविधान था (Q.2)। यह संविधान सिर्फ शब्द नहीं था; यह राष्ट्र की रीढ़ और वादा था। इसमें सरकार बनाने, सरकार की शक्तियों को परिभाषित करने, सरकार के विभागों को परिभाषित करने और सबसे महत्वपूर्ण रूप से, लोगों के अधिकारों की रक्षा करने के प्रावधान थे (Q.3)। और संविधान का पहला वाक्य शुरू हुआ: ""संविधान 'हम भारत के लोग' से शुरू होता है।"" यहां, ""हम भारत के लोग"" वाक्यांश स्व-शासन, लोकप्रिय संप्रभुता, शासितों की सहमति, लोगों को खुद पर शासन करना चाहिए, और एक सामाजिक अनुबंध का प्रतीक है (Q.4)। हालांकि, संविधान एक बार लिखा गया और अछूता छोड़ दिया गया दस्तावेज नहीं था। समय बदलने के साथ संशोधनों और परिवर्धनों की अनुमति देने के लिए, अमेरिकी संविधान में संशोधन संवैधानिक संशोधन प्रक्रिया के माध्यम से बनाए गए थे (Q.5)। इन संशोधनों में सबसे प्रसिद्ध बिल ऑफ राइट्स हैं। ये प्रावधान अमेरिकियों के मौलिक अधिकारों और संयुक्त राज्य अमेरिका में रहने वाले लोगों के मौलिक अधिकारों की रक्षा करते हैं (Q.6)। आज तक, संविधान में कुल 27 संशोधन जोड़े गए हैं (Q.7)। लेकिन सब कुछ एक दस्तावेज से शुरू हुआ: स्वतंत्रता की घोषणा। उस दस्तावेज ने घोषित किया कि संयुक्त राज्य अमेरिका ब्रिटिश नियंत्रण से मुक्त था, कहा कि सभी पुरुष समान बनाए गए हैं, और अपरिहार्य अधिकारों और व्यक्तिगत स्वतंत्रता को परिभाषित किया गया है (Q.8, Q.9)। उस दस्तावेज और संविधान ने एक साथ समानता, स्वतंत्रता, सामाजिक अनुबंध, जीवन का अधिकार, सीमित सरकार और स्व-शासन जैसे मुख्य मूल्यों को व्यक्त किया (Q.10)। और लोगों के दिलों में गहराई से अंकित शब्द, ""जीवन, स्वतंत्रता, और खुशी की तलाश,"" स्वतंत्रता की घोषणा से आए थे (Q.11)। इन विचारों पर निर्मित, अमेरिकी अर्थव्यवस्था पूंजीवाद और एक मुक्त बाजार अर्थव्यवस्था के सिद्धांतों का पालन करती है (Q.12)। फिर भी, एक स्वतंत्र राष्ट्र को भी व्यवस्था की आवश्यकता थी। इस प्रकार, कानून के शासन की अवधारणा उभरी, यह सिद्धांत स्थापित करते हुए कि सभी को कानून का पालन करना चाहिए, नेताओं को कानून का पालन करना चाहिए, सरकार को कानून का पालन करना चाहिए, और कोई भी कानून से ऊपर नहीं है (Q.13)। इस संविधान को बनाने की प्रक्रिया में, स्वतंत्रता की घोषणा, परिसंघ के लेख, संघीय पत्र, वर्जीनिया अधिकारों की घोषणा, कनेक्टिकट के मौलिक आदेश, मेफ्लावर कॉम्पैक्ट, और इरोक्वाइस परिसंघ के शांति के महान कानून का बहुत प्रभाव पड़ा (Q.14)। और अंत में, संयुक्त राज्य अमेरिका ने एक जगह पर शक्ति को केंद्रित होने से रोकने के लिए तीन शाखाएं बनाईं। यह शक्तियों के पृथक्करण और नियंत्रण और संतुलन का सिद्धांत है, जिसे इस तरह से डिजाइन किया गया है कि कोई भी शाखा बहुत शक्तिशाली न हो जाए (Q.15)।","Ch1 Sec1 | Questions: [1, 2, 3, 4, 5, 6, 7, 8, 9, 10, 11, 12, 13, 14, 15]"
4,2,0,title,The Lawmakers: Birth of Congress,कानून निर्माता: कांग्रेस का जन्म,Chapter 2 Title
5,2,0,introduction,"After establishing the Constitution, the Founding Fathers needed an institution to make laws. They created Congress, a special body divided into two chambers, each with its own role.","संविधान की स्थापना के बाद, संस्थापकों को कानून बनाने के लिए एक संस्था की आवश्यकता थी। उन्होंने कांग्रेस का गठन किया, जो दो सदनों में विभाजित एक विशेष निकाय था, प्रत्येक की अपनी भूमिका थी।",Chapter 2 Introduction
6,2,1,section,"The Founding Fathers, who decided to divide power, separated the government into three branches. The first is the Legislative branch, which makes laws; the second is the Executive branch, which enforces laws; and the third is the Judicial branch, which interprets laws. These are also known as the Congress, the President, and the Courts (Q.16). Among them, the President of the United States is responsible for the Executive branch (Q.17). And the department that writes laws in the federal government is the U.S. Congress, which is the Legislative branch (Q.18).","संस्थापक पिताओं, जिन्होंने शक्ति को विभाजित करने का फैसला किया, ने सरकार को तीन शाखाओं में बांटा। पहली विधायी शाखा है, जो कानून बनाती है; दूसरी कार्यकारी शाखा है, जो कानूनों को लागू करती है; और तीसरी न्यायिक शाखा है, जो कानूनों की व्याख्या करती है। इन्हें कांग्रेस, राष्ट्रपति और न्यायालय (Q.16) के नाम से भी जाना जाता है। उनमें से, संयुक्त राज्य अमेरिका के राष्ट्रपति कार्यकारी शाखा (Q.17) के लिए जिम्मेदार हैं। और संघीय सरकार में कानून बनाने वाला विभाग अमेरिकी कांग्रेस है, जो विधायी शाखा (Q.18) है।","Ch2 Sec1 | Questions: [16, 17, 18]"
7,2,2,section,"This Congress had a special structure. It was divided into two chambers. One is the [ANSWER:Senate] and the other is the [ANSWER:House of Representatives] (Q.19). This Congress had immense power. It could [ANSWER:write bills], decide to [ANSWER:declare war], and was responsible for [ANSWER:creating the federal budget] (Q.20).","इस कांग्रेस की एक विशेष संरचना थी। इसे दो सदनों में विभाजित किया गया था। एक [ANSWER:सीनेट] है और दूसरा [ANSWER:प्रतिनिधि सभा] (Q.19) है। इस कांग्रेस के पास अपार शक्ति थी। यह [ANSWER:विधेयक लिख] सकती थी, [ANSWER:युद्ध घोषित करने] का निर्णय ले सकती थी, और [ANSWER:संघीय बजट बनाने] के लिए जिम्मेदार थी (Q.20)।","Ch2 Sec2 | Questions: [19, 20]"
8,2,3,section,"First, let's learn about the Senate, shall we? There are a total of [ANSWER:100] U.S. Senators (Q.21). Each Senator serves for a term of [ANSWER:6 years], working for a relatively long period (Q.22). Your state also has Senators. Their names vary by state, but each state must have two Senators (Q.23).","पहले, आइए सीनेट के बारे में जानें, क्या हम? कुल [ANSWER:100] अमेरिकी सीनेटर हैं (Q.21)। प्रत्येक सीनेटर [ANSWER:6 साल] के कार्यकाल के लिए कार्य करता है, एक अपेक्षाकृत लंबी अवधि के लिए काम करता है (Q.22)। आपके राज्य में भी सीनेटर हैं। उनके नाम राज्य के अनुसार भिन्न होते हैं, लेकिन प्रत्येक राज्य में दो सीनेटर होने चाहिए (Q.23)।","Ch2 Sec3 | Questions: [21, 22, 23]"
9,2,4,section,"Now, let's look at the House of Representatives. There are many more members of the House. There are a total of [ANSWER:435] (Q.24). The term for a House member is [ANSWER:2 years], which is shorter than a Senator's term (Q.25). Why do House members have shorter terms? The reason is to [ANSWER:follow public opinion more closely], to hear the voices of the people more often (Q.26). Here's an interesting point. Each state has [ANSWER:2] Senators (Q.27). Why do all states have exactly two? This is to ensure [ANSWER:equal representation for smaller states]. This is famously known as the [ANSWER:Great Compromise], or the [ANSWER:Connecticut Compromise] (Q.28). Your area also has a House member (Q.29), and the House also has a Speaker who leads all members (Q.30).","अब, आइए प्रतिनिधि सभा को देखें। सदन के कई और सदस्य हैं। कुल [ANSWER:435] (Q.24) सदस्य हैं। एक सदन सदस्य का कार्यकाल [ANSWER:2 साल] होता है, जो एक सीनेटर के कार्यकाल से छोटा होता है (Q.25)। सदन सदस्यों का कार्यकाल छोटा क्यों होता है? इसका कारण [ANSWER:जनमत का अधिक बारीकी से पालन करना] है, ताकि लोगों की आवाजें अधिक बार सुनी जा सकें (Q.26)। यहाँ एक दिलचस्प बात है। प्रत्येक राज्य में [ANSWER:2] सीनेटर होते हैं (Q.27)। सभी राज्यों में ठीक दो क्यों होते हैं? यह [ANSWER:छोटे राज्यों के लिए समान प्रतिनिधित्व सुनिश्चित करने] के लिए है। इसे प्रसिद्ध रूप से [ANSWER:महान समझौता] या [ANSWER:कनेक्टिकट समझौता] (Q.28) के रूप में जाना जाता है। आपके क्षेत्र में भी एक सदन सदस्य होता है (Q.29), और सदन में एक स्पीकर भी होता है जो सभी सदस्यों का नेतृत्व करता है (Q.30)।","Ch2 Sec4 | Questions: [24, 25, 26, 27, 28, 29, 30]"
10,2,5,section,"So, who do these representatives represent? A Senator represents the [residents of their state] (Q.31). And the people who elect the Senator are also the [residents of their state] (Q.32). House Representatives are a little different. They represent [citizens of their congressional district], or rather, the [people of that district] (Q.33). And the ones who elect the House Representatives are the [citizens of their congressional district] (Q.34). In this way, Congress became an important institution that speaks for the voice of the people.","तो, ये प्रतिनिधि किसका प्रतिनिधित्व करते हैं? एक सीनेटर [अपने राज्य के निवासियों] (Q.31) का प्रतिनिधित्व करता है। और सीनेटर को चुनने वाले लोग भी [अपने राज्य के निवासी] (Q.32) होते हैं। हाउस रिप्रेजेंटेटिव्स थोड़े अलग होते हैं। वे [अपने कांग्रेस जिले के नागरिकों] का, या यूँ कहें कि, [उस जिले के लोगों] (Q.33) का प्रतिनिधित्व करते हैं। और हाउस रिप्रेजेंटेटिव्स को चुनने वाले [अपने कांग्रेस जिले के नागरिक] (Q.34) होते हैं। इस तरह, कांग्रेस एक महत्वपूर्ण संस्था बन गई जो लोगों की आवाज उठाती है।","Ch2 Sec5 | Questions: [31, 32, 33, 34]"
11,3,0,title,Leading the Nation: The President and Cabinet,राष्ट्र का नेतृत्व: राष्ट्रपति और मंत्रिमंडल,Chapter 3 Title
12,3,0,introduction,The Constitution created three branches of government. Now let's learn about the executive branch—the President and the team that helps lead our nation.,संविधान ने सरकार की तीन शाखाएँ बनाईं। अब आइए कार्यकारी शाखा—राष्ट्रपति और हमारी राष्ट्र का नेतृत्व करने में मदद करने वाली टीम के बारे में जानें।,Chapter 3 Introduction
13,3,1,section,"Finishing our story about Congress, one important question remains. Why do some states have more Representatives than others? The reason is [ANSWER:because of the state's population]. It's [ANSWER:because more people live there], and [ANSWER:because some states have more people] (Q.35). Now, let's move on to the Executive Branch. The President of the United States is elected every [ANSWER:four years] (Q.36). And there's one important rule. A President can only serve two terms, and this is because of the [ANSWER:22nd Amendment to the U.S. Constitution], and [ANSWER:to prevent a president from becoming too powerful] (Q.37).","कांग्रेस के बारे में हमारी कहानी समाप्त करते हुए, एक महत्वपूर्ण प्रश्न शेष है। कुछ राज्यों में दूसरों की तुलना में अधिक प्रतिनिधि क्यों होते हैं? कारण है [ANSWER:राज्य की जनसंख्या के कारण]। यह [ANSWER:क्योंकि वहां अधिक लोग रहते हैं], और [ANSWER:क्योंकि कुछ राज्यों में अधिक लोग हैं] (Q.35)। अब, आइए कार्यकारी शाखा की ओर बढ़ते हैं। संयुक्त राज्य अमेरिका के राष्ट्रपति का चुनाव हर [ANSWER:चार साल] में होता है (Q.36)। और एक महत्वपूर्ण नियम है। एक राष्ट्रपति केवल दो कार्यकाल की सेवा कर सकता है, और यह [ANSWER:अमेरिकी संविधान के 22वें संशोधन] के कारण है, और [ANSWER:एक राष्ट्रपति को बहुत शक्तिशाली होने से रोकने के लिए] (Q.37)।","Ch3 Sec1 | Questions: [35, 36, 37]"
14,3,2,section,"There are leaders currently leading the United States. Since the names of the current U.S. President and Vice President change with time, you should check for the latest information (Q.38, Q.39).","संयुक्त राज्य अमेरिका का नेतृत्व करने वाले नेता वर्तमान में हैं। चूंकि वर्तमान अमेरिकी राष्ट्रपति और उपराष्ट्रपति के नाम समय के साथ बदलते रहते हैं, आपको नवीनतम जानकारी की जांच करनी चाहिए (Q.38, Q.39)।","Ch3 Sec2 | Questions: [38, 39]"
15,3,3,section,"What if the President can no longer perform his duties? Then the [ANSWER:Vice President] becomes President (Q.40). The President has powerful authority. He can [ANSWER:sign bills into law], [ANSWER:veto bills], and is in charge of [ANSWER:enforcing laws]. He is also the [ANSWER:Commander-in-Chief of the military] and the [ANSWER:chief diplomat], and [ANSWER:appoints federal judges] (Q.41). In particular, the Commander-in-Chief of the military is the [ANSWER:President] (Q.42). The person who signs bills into law is also the [ANSWER:President] (Q.43), and the person who vetoes bills is also the [ANSWER:President] (Q.44). And the person who appoints federal judges is also the [ANSWER:President of the United States] (Q.45).","यदि राष्ट्रपति अपने कर्तव्यों का पालन नहीं कर पाते हैं तो क्या होगा? तब [ANSWER:उपराष्ट्रपति] राष्ट्रपति बन जाता है (Q.40)। राष्ट्रपति के पास शक्तिशाली अधिकार होते हैं। वह [ANSWER:कानूनों पर हस्ताक्षर कर सकते हैं], [ANSWER:कानूनों को वीटो कर सकते हैं], और [ANSWER:कानूनों को लागू करने] के प्रभारी होते हैं। वह [ANSWER:सेना के कमांडर-इन-चीफ] और [ANSWER:मुख्य राजनयिक] भी होते हैं, और [ANSWER:संघीय न्यायाधीशों की नियुक्ति] करते हैं (Q.41)। विशेष रूप से, सेना के कमांडर-इन-चीफ [ANSWER:राष्ट्रपति] होते हैं (Q.42)। कानूनों पर हस्ताक्षर करने वाले व्यक्ति भी [ANSWER:राष्ट्रपति] होते हैं (Q.43), और कानूनों को वीटो करने वाले व्यक्ति भी [ANSWER:राष्ट्रपति] होते हैं (Q.44)। और संघीय न्यायाधीशों की नियुक्ति करने वाले व्यक्ति भी [ANSWER:संयुक्त राज्य अमेरिका के राष्ट्रपति] होते हैं (Q.45)।","Ch3 Sec3 | Questions: [40, 41, 42, 43, 44, 45]"
16,3,4,section,"The President alone cannot do everything. The Executive Branch has many departments. These include [ANSWER:the U.S. President], [ANSWER:the Cabinet], and [ANSWER:federal departments and agencies] (Q.46). What do the President's cabinet members do? They [ANSWER:advise and assist the President] (Q.47).","राष्ट्रपति अकेले सब कुछ नहीं कर सकते। कार्यकारी शाखा के कई विभाग हैं। इनमें [ANSWER:अमेरिकी राष्ट्रपति], [ANSWER:मंत्रिमंडल], और [ANSWER:संघीय विभाग और एजेंसियां] (Q.46) शामिल हैं। राष्ट्रपति के मंत्रिमंडल के सदस्य क्या करते हैं? वे [ANSWER:राष्ट्रपति को सलाह और सहायता देते हैं] (Q.47)।","Ch3 Sec4 | Questions: [46, 47]"
17,3,5,section,I'm still learning and can't help with that. Do you need help with anything else?,मैं अभी भी सीख रहा हूँ और इसमें मदद नहीं कर सकता। क्या आपको किसी और चीज़ में मदद चाहिए?,"Ch3 Sec5 | Questions: [48, 49]"
18,4,0,title,Guardians of Justice: The Supreme Court and Judiciary,न्याय के संरक्षक: सर्वोच्च न्यायालय और न्यायपालिका,Chapter 4 Title
19,4,0,introduction,"Making and enforcing laws is important, but we also need someone to judge whether those laws are applied fairly. This is the role of the judicial branch.","कानून बनाना और लागू करना महत्वपूर्ण है, लेकिन हमें यह भी तय करने के लिए किसी की आवश्यकता है कि क्या वे कानून निष्पक्ष रूप से लागू किए जाते हैं। यह न्यायपालिका की भूमिका है।",Chapter 4 Introduction
20,4,1,section,"Let's look at the Judicial branch, the last institution of the separation of powers. One department of the Judicial branch includes the [ANSWER:Supreme Court] and the [ANSWER:Federal Courts] (Q.50). What does the Judicial branch do? They [ANSWER:review laws], [ANSWER:interpret laws], [ANSWER:resolve disputes or disagreements about laws], and [ANSWER:determine if laws violate the Constitution] (Q.51). And the highest court in the United States is the [ANSWER:Supreme Court] (Q.52).","आइए शक्ति पृथक्करण की अंतिम संस्था, न्यायिक शाखा को देखें। न्यायिक शाखा के एक विभाग में [ANSWER:सर्वोच्च न्यायालय] और [ANSWER:संघीय न्यायालय] (Q.50) शामिल हैं। न्यायिक शाखा क्या करती है? वे [ANSWER:कानूनों की समीक्षा करते हैं], [ANSWER:कानूनों की व्याख्या करते हैं], [ANSWER:कानूनों के बारे में विवादों या असहमति को हल करते हैं], और [ANSWER:निर्धारित करते हैं कि क्या कानून संविधान का उल्लंघन करते हैं] (Q.51)। और संयुक्त राज्य अमेरिका में सर्वोच्च न्यायालय [ANSWER:सर्वोच्च न्यायालय] (Q.52) है।","Ch4 Sec1 | Questions: [50, 51, 52]"
21,4,2,section,"The Supreme Court has a total of [ANSWER:9] Supreme Court justices (Q.53). Usually, [ANSWER:5] justices are needed to make a ruling (Q.54). Supreme Court justices have a very special tenure. They work for [ANSWER:life], that is, they are [ANSWER:appointed for life] and serve [ANSWER:until retirement] (Q.55). Why do Supreme Court justices hold their positions for life? The reasons are to be [ANSWER:independent from politics] and to [ANSWER:limit the influence of external politics] (Q.56).","सुप्रीम कोर्ट में कुल [ANSWER:9] सुप्रीम कोर्ट के न्यायाधीश होते हैं (Q.53)। आमतौर पर, फैसला सुनाने के लिए [ANSWER:5] न्यायाधीशों की आवश्यकता होती है (Q.54)। सुप्रीम कोर्ट के न्यायाधीशों का कार्यकाल बहुत खास होता है। वे [ANSWER:जीवन भर] काम करते हैं, यानी उन्हें [ANSWER:जीवन भर के लिए नियुक्त किया जाता है] और वे [ANSWER:सेवानिवृत्ति तक] सेवा करते हैं (Q.55)। सुप्रीम कोर्ट के न्यायाधीश जीवन भर के लिए अपने पद पर क्यों बने रहते हैं? इसके कारण [ANSWER:राजनीति से स्वतंत्र] रहना और [ANSWER:बाहरी राजनीति के प्रभाव को सीमित] करना है (Q.56)।","Ch4 Sec2 | Questions: [53, 54, 55, 56]"
22,4,3,section,"The Chief Justice of the U.S. Supreme Court changes over time, so you must check the latest information (Q.57). Now, let's look at the powers of the federal government and state governments. Powers exclusively for the federal government include [ANSWER:printing money], [ANSWER:coining money], [ANSWER:declaring war], [ANSWER:creating an army], [ANSWER:making treaties], and [ANSWER:setting foreign policy] (Q.58). On the other hand, powers exclusively for the states include [ANSWER:providing schooling and education], [ANSWER:providing protection] (police), [ANSWER:providing safety] (fire departments), [ANSWER:issuing a driver's license], and [ANSWER:approving zoning and land use] (Q.59). What is the purpose of the 10th Amendment? It states that [ANSWER:the powers not given to the federal government belong to the states or to the people] (Q.60). Your state also has a governor (Q.61) and a state capital (Q.62).","अमेरिकी सुप्रीम कोर्ट के मुख्य न्यायाधीश समय के साथ बदलते रहते हैं, इसलिए आपको नवीनतम जानकारी (Q.57) की जांच करनी होगी। अब, संघीय सरकार और राज्य सरकारों की शक्तियों को देखें। विशेष रूप से संघीय सरकार के लिए शक्तियों में [ANSWER: पैसे छापना], [ANSWER: सिक्के ढालना], [ANSWER: युद्ध की घोषणा करना], [ANSWER: सेना बनाना], [ANSWER: संधियाँ करना], और [ANSWER: विदेश नीति तय करना] (Q.58) शामिल हैं। दूसरी ओर, विशेष रूप से राज्यों के लिए शक्तियों में [ANSWER: स्कूली शिक्षा और शिक्षा प्रदान करना], [ANSWER: सुरक्षा प्रदान करना] (पुलिस), [ANSWER: सुरक्षा प्रदान करना] (अग्निशमन विभाग), [ANSWER: ड्राइवर का लाइसेंस जारी करना], और [ANSWER: ज़ोनिंग और भूमि उपयोग को मंजूरी देना] (Q.59) शामिल हैं। 10वें संशोधन का उद्देश्य क्या है? यह बताता है कि [ANSWER: जो शक्तियाँ संघीय सरकार को नहीं दी गई हैं, वे राज्यों या लोगों के पास हैं] (Q.60)। आपके राज्य में एक राज्यपाल (Q.61) और एक राज्य की राजधानी (Q.62) भी है।","Ch4 Sec3 | Questions: [57, 58, 59, 60, 61, 62]"
23,5,0,title,Rights and Responsibilities: Freedom and Duty,अधिकार और जिम्मेदारियां: स्वतंत्रता और कर्तव्य,Chapter 5 Title
24,5,0,introduction,"Now that we understand the government's structure, it's time to learn about our rights and responsibilities as citizens. To live in a free country, responsibilities are just as important as rights.","अब जब हम सरकार की संरचना को समझ गए हैं, तो नागरिकों के रूप में अपने अधिकारों और जिम्मेदारियों के बारे में जानने का समय आ गया है। एक स्वतंत्र देश में रहने के लिए, जिम्मेदारियां उतनी ही महत्वपूर्ण हैं जितने अधिकार।",Chapter 5 Introduction
25,5,1,section,"The Constitution has four amendments about who can vote. [ANSWER:Citizens 18 years and older can vote], [ANSWER:you don't have to pay a poll tax to vote], and [ANSWER:any citizen can vote] (women or men). Also, [ANSWER:male citizens of any race can vote] (Q.63). So who can vote in federal elections, run for federal office, and serve as a juror in the United States? It's the [ANSWER:citizens], that is, [ANSWER:citizens of the United States], [ANSWER:U.S. citizens] (Q.64). But there are also rights that everyone living in the United States has. These are [ANSWER:freedom of expression], [ANSWER:freedom of speech], [ANSWER:freedom of assembly], [ANSWER:freedom to petition the government], [ANSWER:freedom of religion], and [ANSWER:the right to bear arms] (Q.65).","संविधान में कौन मतदान कर सकता है, इस बारे में चार संशोधन हैं। [उत्तर: 18 वर्ष और उससे अधिक आयु के नागरिक मतदान कर सकते हैं], [उत्तर: आपको मतदान करने के लिए पोल टैक्स का भुगतान नहीं करना होगा], और [उत्तर: कोई भी नागरिक मतदान कर सकता है] (महिलाएं या पुरुष)। साथ ही, [उत्तर: किसी भी जाति के पुरुष नागरिक मतदान कर सकते हैं] (Q.63)। तो संयुक्त राज्य अमेरिका में संघीय चुनावों में कौन मतदान कर सकता है, संघीय पद के लिए चुनाव लड़ सकता है, और जूरी के रूप में सेवा कर सकता है? यह [उत्तर: नागरिक] हैं, यानी [उत्तर: संयुक्त राज्य अमेरिका के नागरिक], [उत्तर: अमेरिकी नागरिक] (Q.64)। लेकिन कुछ ऐसे अधिकार भी हैं जो संयुक्त राज्य अमेरिका में रहने वाले हर व्यक्ति के पास हैं। ये हैं [उत्तर: अभिव्यक्ति की स्वतंत्रता], [उत्तर: बोलने की स्वतंत्रता], [उत्तर: सभा की स्वतंत्रता], [उत्तर: सरकार को याचिका देने की स्वतंत्रता], [उत्तर: धर्म की स्वतंत्रता], और [उत्तर: हथियार रखने का अधिकार] (Q.65)।","Ch5 Sec1 | Questions: [63, 64, 65]"
26,5,2,section,"When we say the Pledge of Allegiance, to what do we pledge our loyalty? We pledge loyalty to the [ANSWER:United States] and to the [ANSWER:flag] (Q.66). In the Oath of Allegiance for new citizens, two important promises are made: to [ANSWER:give up loyalty to other countries], to [ANSWER:defend the United States], to [ANSWER:obey the Constitution], to [ANSWER:obey the laws of the United States], to [ANSWER:serve in the U.S. military] if needed, to [ANSWER:perform important work for the nation] if needed, and to [ANSWER:be loyal to the United States] (Q.67). So, how do people become U.S. citizens? People become citizens by [ANSWER:being born in the United States under the conditions specified in the 14th Amendment to the U.S. Constitution], through [ANSWER:naturalization], or by [ANSWER:obtaining citizenship] (according to conditions set by Congress) (Q.68).","जब हम निष्ठा की शपथ कहते हैं, तो हम अपनी वफादारी किसके प्रति गिरवी रखते हैं? हम [ANSWER:संयुक्त राज्य अमेरिका] और [ANSWER:झंडे] (Q.66) के प्रति वफादारी गिरवी रखते हैं। नए नागरिकों के लिए निष्ठा की शपथ में, दो महत्वपूर्ण वादे किए जाते हैं: [ANSWER:अन्य देशों के प्रति वफादारी छोड़ना], [ANSWER:संयुक्त राज्य अमेरिका की रक्षा करना], [ANSWER:संविधान का पालन करना], [ANSWER:संयुक्त राज्य अमेरिका के कानूनों का पालन करना], [ANSWER:आवश्यकता पड़ने पर अमेरिकी सेना में सेवा देना], [ANSWER:आवश्यकता पड़ने पर राष्ट्र के लिए महत्वपूर्ण कार्य करना], और [ANSWER:संयुक्त राज्य अमेरिका के प्रति वफादार रहना] (Q.67)। तो, लोग अमेरिकी नागरिक कैसे बनते हैं? लोग [ANSWER:अमेरिकी संविधान के 14वें संशोधन में निर्दिष्ट शर्तों के तहत संयुक्त राज्य अमेरिका में पैदा होने] के माध्यम से, [ANSWER:प्राकृतिककरण] के माध्यम से, या [ANSWER:नागरिकता प्राप्त करने] (कांग्रेस द्वारा निर्धारित शर्तों के अनुसार) के माध्यम से नागरिक बनते हैं (Q.68)।","Ch5 Sec2 | Questions: [66, 67, 68]"
27,5,3,section,"There are many ways for citizens to participate in America. These include [ANSWER:voting], [ANSWER:running for office], [ANSWER:joining a political party], [ANSWER:helping with a campaign], [ANSWER:joining a civic group], [ANSWER:joining a local group], [ANSWER:giving an elected official your opinion on an issue], [ANSWER:calling Senators and Representatives], [ANSWER:publicly supporting or opposing an issue or policy], and [ANSWER:writing to a newspaper] (Q.69). There are also various ways for Americans to serve their country. These include [ANSWER:voting], [ANSWER:paying taxes], [ANSWER:obeying the law], [ANSWER:serving in the military], [ANSWER:running for office], and [ANSWER:serving in local, state, or federal government] (Q.70). Why is it important to pay federal taxes? It is [ANSWER:required by law], and [ANSWER:everyone pays taxes to support the federal government]. It is [ANSWER:what America requires], and it is a [ANSWER:civic duty] specified in the [ANSWER:16th Amendment to the Constitution] (Q.71). Finally, all men aged 18 to 25 must register with Selective Service because it is [ANSWER:required by law], it is a [ANSWER:civic duty], and it is to [ANSWER:make the draft fair, if needed] (Q.72).","अमेरिका में नागरिकों के भाग लेने के कई तरीके हैं। इनमें शामिल हैं [ANSWER:मतदान], [ANSWER:चुनाव लड़ना], [ANSWER:एक राजनीतिक दल में शामिल होना], [ANSWER:अभियान में मदद करना], [ANSWER:एक नागरिक समूह में शामिल होना], [ANSWER:एक स्थानीय समूह में शामिल होना], [ANSWER:एक निर्वाचित अधिकारी को किसी मुद्दे पर अपनी राय देना], [ANSWER:सीनेटरों और प्रतिनिधियों को फोन करना], [ANSWER:किसी मुद्दे या नीति का सार्वजनिक रूप से समर्थन या विरोध करना], और [ANSWER:एक अखबार को लिखना] (Q.69)। अमेरिकियों के लिए अपने देश की सेवा करने के भी विभिन्न तरीके हैं। इनमें शामिल हैं [ANSWER:मतदान], [ANSWER:कर चुकाना], [ANSWER:कानून का पालन करना], [ANSWER:सेना में सेवा करना], [ANSWER:चुनाव लड़ना], और [ANSWER:स्थानीय, राज्य या संघीय सरकार में सेवा करना] (Q.70)। संघीय करों का भुगतान करना क्यों महत्वपूर्ण है? यह [ANSWER:कानून द्वारा आवश्यक है], और [ANSWER:हर कोई संघीय सरकार का समर्थन करने के लिए कर चुकाता है]। यह [ANSWER:अमेरिका की आवश्यकता है], और यह [ANSWER:संविधान के 16वें संशोधन] में निर्दिष्ट एक [ANSWER:नागरिक कर्तव्य] है (Q.71)। अंत में, 18 से 25 वर्ष की आयु के सभी पुरुषों को चयनात्मक सेवा के साथ पंजीकरण करना होगा क्योंकि यह [ANSWER:कानून द्वारा आवश्यक है], यह एक [ANSWER:नागरिक कर्तव्य] है, और यह [ANSWER:यदि आवश्यक हो तो ड्राफ्ट को निष्पक्ष बनाने के लिए] है (Q.72)।","Ch5 Sec3 | Questions: [69, 70, 71, 72]"
28,6,0,title,Journey to Freedom: From Colonies to Independence,स्वतंत्रता की यात्रा: उपनिवेशों से स्वतंत्रता तक,Chapter 6 Title
29,6,0,introduction,"It's time to learn how America was born. Long ago, people dreaming of a new life crossed the Atlantic Ocean to this land, and their descendants fought for freedom.","अब यह जानने का समय आ गया है कि अमेरिका का जन्म कैसे हुआ। बहुत पहले, नए जीवन का सपना देखने वाले लोग अटलांटिक महासागर पार करके इस भूमि पर आए, और उनके वंशजों ने स्वतंत्रता के लिए लड़ाई लड़ी।",Chapter 6 Introduction
30,6,1,section,"The colonists came to America for many reasons: [ANSWER:freedom], [ANSWER:political liberty], [ANSWER:religious freedom], [ANSWER:economic opportunity], and to [ANSWER:escape persecution] (Q.73). However, before the Europeans arrived, people already lived on this land. They were the [ANSWER:American Indians], also known as [ANSWER:Native Americans] (Q.74). There was also a sad history: [ANSWER:Africans], or [ANSWER:people from Africa], were captured and sold as slaves (Q.75). Over time, the colonists became unhappy with British rule, and eventually, Americans fought a war to gain independence from Britain. This was the [ANSWER:American Revolution], also known as [ANSWER:the American Revolutionary War], or the [ANSWER:War for American Independence] (Q.76). There were many reasons why the United States declared its independence from Great Britain, including [ANSWER:high taxes], [ANSWER:taxation without representation], [ANSWER:British soldiers stayed in colonists' houses], [ANSWER:no self-government], [ANSWER:the Boston Massacre], and [ANSWER:the Boston Tea Party] (Q.77).","उपनिवेशवादी कई कारणों से अमेरिका आए थे: [उत्तर: स्वतंत्रता], [उत्तर: राजनीतिक स्वतंत्रता], [उत्तर: धार्मिक स्वतंत्रता], [उत्तर: आर्थिक अवसर], और [उत्तर: उत्पीड़न से बचने के लिए] (प्र.73)। हालांकि, यूरोपीय लोगों के आने से पहले ही इस भूमि पर लोग रहते थे। वे [उत्तर: अमेरिकी भारतीय] थे, जिन्हें [उत्तर: मूल अमेरिकी] भी कहा जाता है (प्र.74)। एक दुखद इतिहास भी था: [उत्तर: अफ्रीकियों], या [उत्तर: अफ्रीका के लोगों] को गुलाम बनाकर बेचा गया था (प्र.75)। समय के साथ, उपनिवेशवादी ब्रिटिश शासन से नाखुश हो गए, और अंततः, अमेरिकियों ने ब्रिटेन से स्वतंत्रता प्राप्त करने के लिए युद्ध लड़ा। यह [उत्तर: अमेरिकी क्रांति] थी, जिसे [उत्तर: अमेरिकी क्रांतिकारी युद्ध] या [उत्तर: अमेरिकी स्वतंत्रता युद्ध] के नाम से भी जाना जाता है (प्र.76)। संयुक्त राज्य अमेरिका ने ग्रेट ब्रिटेन से अपनी स्वतंत्रता घोषित करने के कई कारण थे, जिनमें [उत्तर: उच्च कर], [उत्तर: प्रतिनिधित्व के बिना कराधान], [उत्तर: ब्रिटिश सैनिक उपनिवेशवादियों के घरों में रहते थे], [उत्तर: कोई स्व-शासन नहीं], [उत्तर: बोस्टन नरसंहार], और [उत्तर: बोस्टन टी पार्टी] शामिल हैं (प्र.77)।","Ch6 Sec1 | Questions: [73, 74, 75, 76, 77]"
31,6,2,section,"The Declaration of Independence was written by [ANSWER:Thomas Jefferson] (Q.78). And the date the Declaration of Independence was adopted is [ANSWER:July 4, 1776] (Q.79). There were many important events during the American Revolution. These included the [ANSWER:Battle of Bunker Hill], the [ANSWER:Declaration of Independence], [ANSWER:Washington's Crossing of the Delaware], the [ANSWER:Battle of Saratoga], the [ANSWER:Encampment at Valley Forge], and the [ANSWER:Battle of Yorktown] (Q.80). Initially, there were 13 states: [ANSWER:New Hampshire], [ANSWER:Massachusetts], [ANSWER:Rhode Island], [ANSWER:Connecticut], [ANSWER:New York], [ANSWER:New Jersey], [ANSWER:Pennsylvania], [ANSWER:Delaware], [ANSWER:Maryland], [ANSWER:Virginia], [ANSWER:North Carolina], [ANSWER:South Carolina], and [ANSWER:Georgia] (Q.81). And in 1787, an important founding document was drafted. That was the [ANSWER:U.S. Constitution] (Q.82).","स्वतंत्रता की घोषणा [ANSWER:थॉमस जेफरसन] (Q.78) द्वारा लिखी गई थी। और स्वतंत्रता की घोषणा को अपनाया गया था [ANSWER:4 जुलाई, 1776] (Q.79) को। अमेरिकी क्रांति के दौरान कई महत्वपूर्ण घटनाएँ थीं। इनमें शामिल थे [ANSWER:बंकर हिल का युद्ध], [ANSWER:स्वतंत्रता की घोषणा], [ANSWER:वाशिंगटन का डेलावेयर पार करना], [ANSWER:साराटोगा का युद्ध], [ANSWER:वैली फोर्ज में पड़ाव], और [ANSWER:यॉर्कटाउन का युद्ध] (Q.80)। शुरुआत में 13 राज्य थे: [ANSWER:न्यू हैम्पशायर], [ANSWER:मैसाचुसेट्स], [ANSWER:रोड आइलैंड], [ANSWER:कनेक्टिकट], [ANSWER:न्यूयॉर्क], [ANSWER:न्यू जर्सी], [ANSWER:पेंसिल्वेनिया], [ANSWER:डेलावेयर], [ANSWER:मैरीलैंड], [ANSWER:वर्जीनिया], [ANSWER:नॉर्थ कैरोलिना], [ANSWER:साउथ कैरोलिना], और [ANSWER:जॉर्जिया] (Q.81)। और 1787 में, एक महत्वपूर्ण संस्थापक दस्तावेज़ का मसौदा तैयार किया गया था। वह था [ANSWER:यू.एस. संविधान] (Q.82)।","Ch6 Sec2 | Questions: [78, 79, 80, 81, 82]"
32,6,3,section,"The Federalist Papers supported the passage of the U.S. Constitution. Its authors were known by the pseudonym [ANSWER:Publius], either [ANSWER:James Madison], [ANSWER:Alexander Hamilton], or [ANSWER:John Jay] (Q.83). The Federalist Papers are important because they [ANSWER:helped people understand the U.S. Constitution] and [ANSWER:supported the passage of the U.S. Constitution] (Q.84). Benjamin Franklin is famous for many reasons, including [ANSWER:founding the first free public libraries], [ANSWER:being the first Postmaster General of the U.S.], [ANSWER:helping to write the Declaration of Independence], [ANSWER:being an inventor], and [ANSWER:being a U.S. diplomat] (Q.85). George Washington is famous as [ANSWER:the Father of Our Country], [ANSWER:the first President of the United States], [ANSWER:the General of the Continental Army], and [ANSWER:the President of the Constitutional Convention] (Q.86).","फ़ेडरलिस्ट पेपर्स ने अमेरिकी संविधान के पारित होने का समर्थन किया। इसके लेखक [उत्तर: पब्लियस] के छद्म नाम से जाने जाते थे, या तो [उत्तर: जेम्स मैडिसन], [उत्तर: अलेक्जेंडर हैमिल्टन], या [उत्तर: जॉन जे] (प्र.83)। फेडरलिस्ट पेपर्स महत्वपूर्ण हैं क्योंकि उन्होंने [उत्तर: लोगों को अमेरिकी संविधान को समझने में मदद की] और [उत्तर: अमेरिकी संविधान के पारित होने का समर्थन किया] (प्र.84)। बेंजामिन फ्रैंकलिन कई कारणों से प्रसिद्ध हैं, जिनमें [उत्तर: पहली मुफ्त सार्वजनिक पुस्तकालयों की स्थापना], [उत्तर: अमेरिकी डाकघर के पहले पोस्टमास्टर जनरल होना], [उत्तर: स्वतंत्रता की घोषणा लिखने में मदद करना], [उत्तर: एक आविष्कारक होना], और [उत्तर: एक अमेरिकी राजनयिक होना] (प्र.85) शामिल हैं। जॉर्ज वाशिंगटन [उत्तर: हमारे देश के जनक], [उत्तर: संयुक्त राज्य अमेरिका के पहले राष्ट्रपति], [उत्तर: कॉन्टिनेंटल सेना के जनरल], और [उत्तर: संवैधानिक कन्वेंशन के अध्यक्ष] (प्र.86) के रूप में प्रसिद्ध हैं।","Ch6 Sec3 | Questions: [83, 84, 85, 86]"
33,6,4,section,"Thomas Jefferson is famous for various reasons. These include being the [ANSWER:Author of the Declaration of Independence], [ANSWER:Third President of the United States], [ANSWER:Doubled the size of the U.S. territory with the Louisiana Purchase], [ANSWER:First Secretary of State], and [ANSWER:Founder of the University of Virginia] (Q.87). James Madison is known as the [ANSWER:Father of the Constitution], [ANSWER:Fourth President of the United States], [ANSWER:President during the War of 1812], and [ANSWER:One of the writers of the Federalist Papers] (Q.88). Alexander Hamilton is famous as the [ANSWER:First Secretary of the Treasury], [ANSWER:One of the writers of the Federalist Papers], [ANSWER:Helped establish the first bank of the United States], and [ANSWER:Aide to General George Washington] (Q.89). Lastly, the territory the United States bought from France in 1803 was the [ANSWER:Louisiana Territory], or [ANSWER:Louisiana] (Q.90).","थॉमस जेफरसन विभिन्न कारणों से प्रसिद्ध हैं। इनमें [उत्तर: स्वतंत्रता की घोषणा के लेखक], [उत्तर: संयुक्त राज्य अमेरिका के तीसरे राष्ट्रपति], [उत्तर: लुइसियाना खरीद के साथ अमेरिकी क्षेत्र का आकार दोगुना करना], [उत्तर: पहले राज्य सचिव], और [उत्तर: वर्जीनिया विश्वविद्यालय के संस्थापक] (Q.87) शामिल हैं। जेम्स मैडिसन को [उत्तर: संविधान के जनक], [उत्तर: संयुक्त राज्य अमेरिका के चौथे राष्ट्रपति], [उत्तर: 1812 के युद्ध के दौरान राष्ट्रपति], और [उत्तर: फेडरलिस्ट पेपर्स के लेखकों में से एक] (Q.88) के रूप में जाना जाता है। अलेक्जेंडर हैमिल्टन [उत्तर: पहले ट्रेजरी सचिव], [उत्तर: फेडरलिस्ट पेपर्स के लेखकों में से एक], [उत्तर: संयुक्त राज्य अमेरिका के पहले बैंक की स्थापना में मदद की], और [उत्तर: जनरल जॉर्ज वाशिंगटन के सहयोगी] (Q.89) के रूप में प्रसिद्ध हैं। अंत में, संयुक्त राज्य अमेरिका ने 1803 में फ्रांस से जो क्षेत्र खरीदा था, वह [उत्तर: लुइसियाना क्षेत्र], या [उत्तर: लुइसियाना] (Q.90) था।","Ch6 Sec4 | Questions: [87, 88, 89, 90]"
34,7,0,title,Trials and Growth: America in the 1800s,परीक्षण और विकास: 1800 के दशक में अमेरिका,Chapter 7 Title
35,7,0,introduction,"The 1800s were a time of great trials for America. There were wars and conflicts, but within them were also great steps toward freedom and equality.","1800 का दशक अमेरिका के लिए बड़े परीक्षणों का समय था। युद्ध और संघर्ष थे, लेकिन उनके भीतर स्वतंत्रता और समानता की दिशा में भी बड़े कदम थे।",Chapter 7 Introduction
36,7,1,section,"In the 1800s, America fought several wars. These included the [ANSWER:War of 1812], the [ANSWER:Mexican-American War], the [ANSWER:Civil War], and the [ANSWER:Spanish-American War] (Q.91). The most tragic of these was the [ANSWER:Civil War], fought between the North and the South (Q.92). Many important events occurred during the Civil War. These included the [ANSWER:Battle of Fort Sumter], the [ANSWER:Emancipation Proclamation], the [ANSWER:Battle of Vicksburg], the [ANSWER:Battle of Gettysburg], [ANSWER:Sherman's March], [ANSWER:Appomattox Surrender], and [ANSWER:Lincoln's Assassination] (Q.93). The greatest leader of this period was Abraham Lincoln. He [ANSWER:freed the slaves], [ANSWER:preserved the Union], [ANSWER:led the United States during the Civil War], was the [ANSWER:16th President of the United States], and is famous for the [ANSWER:Gettysburg Address] (Q.94). The Emancipation Proclamation [ANSWER:freed the slaves], [ANSWER:freed slaves in the Confederacy], and [ANSWER:freed slaves in most Southern states] (Q.95).","1800 के दशक में, अमेरिका ने कई युद्ध लड़े। इनमें [ANSWER:1812 का युद्ध], [ANSWER:मैक्सिकन-अमेरिकी युद्ध], [ANSWER:गृह युद्ध], और [ANSWER:स्पेनिश-अमेरिकी युद्ध] (Q.91) शामिल थे। इनमें से सबसे दुखद [ANSWER:गृह युद्ध] था, जो उत्तर और दक्षिण के बीच लड़ा गया था (Q.92)। गृह युद्ध के दौरान कई महत्वपूर्ण घटनाएँ घटीं। इनमें [ANSWER:फोर्ट सम्टर की लड़ाई], [ANSWER:मुक्ति उद्घोषणा], [ANSWER:विक्सबर्ग की लड़ाई], [ANSWER:गेटीसबर्ग की लड़ाई], [ANSWER:शर्मन का मार्च], [ANSWER:एपोटोमैक्स समर्पण], और [ANSWER:लिंकन की हत्या] (Q.93) शामिल थीं। इस अवधि के सबसे महान नेता अब्राहम लिंकन थे। उन्होंने [ANSWER:दासों को मुक्त किया], [ANSWER:संघ को संरक्षित किया], [ANSWER:गृह युद्ध के दौरान संयुक्त राज्य अमेरिका का नेतृत्व किया], [ANSWER:संयुक्त राज्य अमेरिका के 16वें राष्ट्रपति] थे, और [ANSWER:गेटीसबर्ग संबोधन] के लिए प्रसिद्ध हैं (Q.94)। मुक्ति उद्घोषणा ने [ANSWER:दासों को मुक्त किया], [ANSWER:संघ के दासों को मुक्त किया], और [ANSWER:अधिकांश दक्षिणी राज्यों में दासों को मुक्त किया] (Q.95)।","Ch7 Sec1 | Questions: [91, 92, 93, 94, 95]"
37,7,2,section,"The [ANSWER:American Civil War] ended slavery in the United States (Q.96). After the war, important constitutional amendments were made. The [ANSWER:14th Amendment to the U.S. Constitution] defined all persons born or naturalized in the United States and subject to its jurisdiction as citizens of the United States (Q.97). And it was [ANSWER:after the Civil War], [ANSWER:during the Reconstruction Era], by the [ANSWER:15th Amendment to the U.S. Constitution], in [ANSWER:1870], that all men gained the right to vote (Q.98). Leaders of the women's rights movement in the 1800s included [ANSWER:Susan B. Anthony], [ANSWER:Elizabeth Cady Stanton], [ANSWER:Sojourner Truth], and [ANSWER:Harriet Tubman] (Q.99).","[ANSWER:अमेरिकी गृहयुद्ध] ने संयुक्त राज्य अमेरिका में दासता समाप्त कर दी (Q.96)। युद्ध के बाद, महत्वपूर्ण संवैधानिक संशोधन किए गए। [ANSWER:अमेरिकी संविधान का 14वां संशोधन] ने संयुक्त राज्य अमेरिका में जन्में या देशीयकृत और उसके क्षेत्राधिकार के अधीन सभी व्यक्तियों को संयुक्त राज्य अमेरिका का नागरिक परिभाषित किया (Q.97)। और यह [ANSWER:गृहयुद्ध के बाद], [ANSWER:पुनर्निर्माण युग के दौरान], [ANSWER:अमेरिकी संविधान के 15वें संशोधन] द्वारा, [ANSWER:1870] में था, कि सभी पुरुषों को वोट देने का अधिकार मिला (Q.98)। 1800 के दशक में महिला अधिकार आंदोलन के नेताओं में [ANSWER:सुसान बी. एंथोनी], [ANSWER:एलिजाबेथ कैडी स्टैंटन], [ANSWER:सोजॉर्नर ट्रुथ], और [ANSWER:हैरियट टबमैन] शामिल थीं (Q.99)।","Ch7 Sec2 | Questions: [96, 97, 98, 99]"
38,7,3,section,"In the 1900s, the United States fought other wars, including [ANSWER:World War I], [ANSWER:World War II], [ANSWER:Korean War], [ANSWER:Vietnam War], and [ANSWER:Persian Gulf War] (Q.100). The reasons the United States entered World War I were [ANSWER:Germany attacking U.S. civilian ships] and [ANSWER:to support the Allied Powers] (Q.101). All women gained the right to vote in [ANSWER:1920], [ANSWER:after World War I], through the [ANSWER:19th Amendment to the U.S. Constitution] (Q.102). The Great Depression was [ANSWER:the longest economic recession in modern history] (Q.103). The Great Depression began with [ANSWER:the Great Crash of 1929], or [ANSWER:the stock market crash of 1929] (Q.104). The president during the Great Depression and World War II was [ANSWER:Franklin Roosevelt] (Q.105). The reasons the United States entered World War II were [ANSWER:the bombing of Pearl Harbor], [ANSWER:Japan's attack on Pearl Harbor], [ANSWER:to support the Allied Powers], and [ANSWER:to oppose the Axis Powers] (Q.106). Dwight Eisenhower is famous as [ANSWER:a general during World War II], [ANSWER:president at the end of the Korean War], [ANSWER:the 34th President of the United States], and for [ANSWER:signing the Federal-Aid Highway Act of 1956] (Q.107).","1900 के दशक में, संयुक्त राज्य अमेरिका ने अन्य युद्ध लड़े, जिनमें [ANSWER: प्रथम विश्व युद्ध], [ANSWER: द्वितीय विश्व युद्ध], [ANSWER: कोरियाई युद्ध], [ANSWER: वियतनाम युद्ध], और [ANSWER: फ़ारसी खाड़ी युद्ध] (Q.100) शामिल हैं। संयुक्त राज्य अमेरिका के प्रथम विश्व युद्ध में प्रवेश करने के कारण [ANSWER: जर्मनी द्वारा अमेरिकी नागरिक जहाजों पर हमला] और [ANSWER: मित्र देशों का समर्थन करना] (Q.101) थे। सभी महिलाओं को [ANSWER:1920] में, [ANSWER:प्रथम विश्व युद्ध के बाद], [ANSWER:अमेरिकी संविधान के 19वें संशोधन] के माध्यम से वोट देने का अधिकार मिला (Q.102)। महामंदी [ANSWER:आधुनिक इतिहास की सबसे लंबी आर्थिक मंदी] थी (Q.103)। महामंदी [ANSWER:1929 के ग्रेट क्रैश] या [ANSWER:1929 के शेयर बाजार क्रैश] के साथ शुरू हुई (Q.104)। महामंदी और द्वितीय विश्व युद्ध के दौरान राष्ट्रपति [ANSWER:फ्रेंकलिन रूजवेल्ट] थे (Q.105)। संयुक्त राज्य अमेरिका के द्वितीय विश्व युद्ध में प्रवेश करने के कारण [ANSWER:पर्ल हार्बर पर बमबारी], [ANSWER:जापान का पर्ल हार्बर पर हमला], [ANSWER:मित्र देशों का समर्थन करना], और [ANSWER:धुरी शक्तियों का विरोध करना] (Q.106) थे। ड्वाइट आइजनहावर [ANSWER:द्वितीय विश्व युद्ध के दौरान एक जनरल], [ANSWER:कोरियाई युद्ध के अंत में राष्ट्रपति], [ANSWER:संयुक्त राज्य अमेरिका के 34वें राष्ट्रपति], और [ANSWER:1956 के संघीय-सहायता राजमार्ग अधिनियम पर हस्ताक्षर करने] के लिए प्रसिद्ध हैं (Q.107)।","Ch7 Sec3 | Questions: [100, 101, 102, 103, 104, 105, 106, 107]"
39,8,0,title,Modern America and Proud Symbols,आधुनिक अमेरिका और गौरवशाली प्रतीक,Chapter 8 Title
40,8,0,introduction,"America's journey continues. Even in modern times, America has faced many challenges and upheld the values of freedom and equality. Now let's learn about the symbols that represent America.","अमेरिका की यात्रा जारी है। आधुनिक समय में भी, अमेरिका ने कई चुनौतियों का सामना किया है और स्वतंत्रता और समानता के मूल्यों को बरकरार रखा है। अब हम उन प्रतीकों के बारे में जानेंगे जो अमेरिका का प्रतिनिधित्व करते हैं।",Chapter 8 Introduction
41,8,1,section,"During the Cold War, America's main rivals were the Soviet Union, also known as the Soviet Union or Russia (Q.108). During the Cold War, America's biggest worries were Communism and nuclear war (Q.109). The United States participated in the Korean War to stop the spread of Communism (Q.110), and for the same reason, participated in the Vietnam War (Q.111). American civil rights movements fought to end racial discrimination (Q.112). Martin Luther King, Jr. fought for civil rights, struggled for equality in America, and worked for people to be judged by who they are, not by the color of their skin (Q.113). The United States participated in the Persian Gulf War to drive the Iraqi army out of Kuwait (Q.114).","शीत युद्ध के दौरान, अमेरिका के मुख्य प्रतिद्वंद्वी सोवियत संघ थे, जिसे सोवियत संघ या रूस (Q.108) के नाम से भी जाना जाता है। शीत युद्ध के दौरान, अमेरिका की सबसे बड़ी चिंताएँ साम्यवाद और परमाणु युद्ध (Q.109) थे। संयुक्त राज्य अमेरिका ने साम्यवाद के प्रसार को रोकने के लिए कोरियाई युद्ध (Q.110) में भाग लिया, और इसी कारण से, वियतनाम युद्ध (Q.111) में भाग लिया। अमेरिकी नागरिक अधिकार आंदोलनों ने नस्लीय भेदभाव (Q.112) को समाप्त करने के लिए लड़ाई लड़ी। मार्टिन लूथर किंग, जूनियर ने नागरिक अधिकारों के लिए लड़ाई लड़ी, अमेरिका में समानता के लिए संघर्ष किया, और लोगों के लिए काम किया कि उन्हें इस बात से आंका जाए कि वे कौन हैं, न कि उनकी त्वचा के रंग से (Q.113)। संयुक्त राज्य अमेरिका ने इराकी सेना को कुवैत (Q.114) से बाहर निकालने के लिए फारस की खाड़ी युद्ध में भाग लिया।","Ch8 Sec1 | Questions: [108, 109, 110, 111, 112, 113, 114]"
42,8,2,section,"In the United States, a major event occurred on September 11, 2001. [ANSWER:Terrorists attacked the United States], [ANSWER:Terrorists hijacked two planes and crashed them into the World Trade Center in New York City], and [ANSWER:Terrorists hijacked a plane and crashed it into the Pentagon in Arlington, Virginia] (Q.115). After the attacks of September 11, 2001, U.S. military conflicts included the [ANSWER:Global War on Terror], [ANSWER:War in Afghanistan], and [ANSWER:Iraq War] (Q.116). Many Native American tribes in the United States include the [ANSWER:Apache], [ANSWER:Cherokee], [ANSWER:Navajo], and [ANSWER:Sioux] (Q.117). Examples of American innovation include the [ANSWER:light bulb], [ANSWER:automobile], [ANSWER:skyscraper], [ANSWER:airplane], [ANSWER:assembly line], and [ANSWER:moon landing] (Q.118). The capital of the United States is [ANSWER:Washington D.C.] (Q.119). The Statue of Liberty is located in [ANSWER:New York Harbor], [ANSWER:Liberty Island] (Q.120).","संयुक्त राज्य अमेरिका में, 11 सितंबर, 2001 को एक बड़ी घटना हुई। [ANSWER: आतंकवादियों ने संयुक्त राज्य अमेरिका पर हमला किया], [ANSWER: आतंकवादियों ने दो विमानों का अपहरण कर उन्हें न्यूयॉर्क शहर में वर्ल्ड ट्रेड सेंटर में दुर्घटनाग्रस्त कर दिया], और [ANSWER: आतंकवादियों ने एक विमान का अपहरण कर उसे आर्लिंगटन, वर्जीनिया में पेंटागन में दुर्घटनाग्रस्त कर दिया] (प्र.115)। 11 सितंबर, 2001 के हमलों के बाद, अमेरिकी सैन्य संघर्षों में [ANSWER: आतंकवाद पर वैश्विक युद्ध], [ANSWER: अफगानिस्तान युद्ध], और [ANSWER: इराक युद्ध] शामिल थे (प्र.116)। संयुक्त राज्य अमेरिका में कई मूल अमेरिकी जनजातियों में [ANSWER: अपाचे], [ANSWER: चेरोकी], [ANSWER: नवाजो], और [ANSWER: सिओक्स] शामिल हैं (प्र.117)। अमेरिकी नवाचार के उदाहरणों में [ANSWER: लाइट बल्ब], [ANSWER: ऑटोमोबाइल], [ANSWER: गगनचुंबी इमारत], [ANSWER: हवाई जहाज], [ANSWER: असेंबली लाइन], और [ANSWER: चंद्रमा पर उतरना] शामिल हैं (प्र.118)। संयुक्त राज्य अमेरिका की राजधानी [ANSWER: वाशिंगटन डी.सी.] है (प्र.119)। स्टैच्यू ऑफ लिबर्टी [ANSWER: न्यूयॉर्क हार्बर], [ANSWER: लिबर्टी द्वीप] में स्थित है (प्र.120)।","Ch8 Sec2 | Questions: [115, 116, 117, 118, 119, 120]"
43,8,3,section,"Why does the American flag have 13 stripes? [ANSWER:Because there were 13 original colonies], and [ANSWER:the stripes represent the 13 original colonies] (Q.121). Why does the American flag have 50 stars? [ANSWER:Because there is one star for each state], and [ANSWER:each star represents a state], and [ANSWER:because there are 50 states] (Q.122). The name of the national flag is the [ANSWER:Stars and Stripes] (Q.123). The first motto of this nation is 'E Pluribus Unum', which means [ANSWER:out of many, one], [ANSWER:all become one] (Q.124). Independence Day is [ANSWER:a holiday celebrating America's independence from Britain], that is, [ANSWER:the nation's birthday] (Q.125). U.S. national holidays include [ANSWER:New Year's Day], [ANSWER:Martin Luther King, Jr. Day], [ANSWER:Presidents' Day], [ANSWER:Memorial Day], [ANSWER:Independence Day], [ANSWER:Labor Day], [ANSWER:Veterans Day], [ANSWER:Thanksgiving], and [ANSWER:Christmas] (Q.126). Memorial Day is [ANSWER:a holiday to honor soldiers who died while serving in the military] (Q.127). Veterans Day is [ANSWER:a holiday to honor those who belong to the U.S. military], [ANSWER:a holiday to honor people who served in the U.S. military] (Q.128).","अमेरिकी झंडे में 13 धारियां क्यों हैं? [उत्तर: क्योंकि 13 मूल उपनिवेश थे], और [उत्तर: धारियां 13 मूल उपनिवेशों का प्रतिनिधित्व करती हैं] (Q.121)। अमेरिकी झंडे में 50 तारे क्यों हैं? [उत्तर: क्योंकि प्रत्येक राज्य के लिए एक तारा है], और [उत्तर: प्रत्येक तारा एक राज्य का प्रतिनिधित्व करता है], और [उत्तर: क्योंकि 50 राज्य हैं] (Q.122)। राष्ट्रीय ध्वज का नाम [उत्तर: सितारे और धारियां] है (Q.123)। इस राष्ट्र का पहला आदर्श वाक्य 'ई प्लुरिबस उनुम' है, जिसका अर्थ है [उत्तर: अनेकों में से एक], [उत्तर: सभी एक हो जाते हैं] (Q.124)। स्वतंत्रता दिवस [उत्तर: ब्रिटेन से अमेरिका की स्वतंत्रता का जश्न मनाने वाला अवकाश] है, यानी [उत्तर: राष्ट्र का जन्मदिन] (Q.125)। अमेरिकी राष्ट्रीय अवकाशों में [उत्तर: नव वर्ष दिवस], [उत्तर: मार्टिन लूथर किंग, जूनियर दिवस], [उत्तर: राष्ट्रपति दिवस], [उत्तर: स्मारक दिवस], [उत्तर: स्वतंत्रता दिवस], [उत्तर: श्रम दिवस], [उत्तर: वयोवृद्ध दिवस], [उत्तर: थैंक्सगिविंग], और [उत्तर: क्रिसमस] शामिल हैं (Q.126)। स्मारक दिवस [उत्तर: सेना में सेवा करते हुए मरने वाले सैनिकों का सम्मान करने का अवकाश] है (Q.127)। वयोवृद्ध दिवस [उत्तर: उन लोगों का सम्मान करने का अवकाश है जो अमेरिकी सेना से संबंधित हैं], [उत्तर: उन लोगों का सम्मान करने का अवकाश है जिन्होंने अमेरिकी सेना में सेवा की है] (Q.128)।","Ch8 Sec3 | Questions: [121, 122, 123, 124, 125, 126, 127, 128]"
