ID,ChapterID,SectionID,Type,English_Full,French_Full,Notes
1,1,0,title,Blueprint for Freedom: The Birth of the Constitution,Plan pour la Liberté : La Naissance de la Constitution,Chapter 1 Title
2,1,0,introduction,"Before the United States became a nation, the great Founding Fathers drew up the most important 'blueprint.' Without this Constitution, today's America would not exist.","Avant que les États-Unis ne deviennent une nation, les grands Pères Fondateurs ont élaboré le « plan » le plus important. Sans cette Constitution, l'Amérique d'aujourd'hui n'existerait pas.",Chapter 1 Introduction
3,1,1,section,"Once upon a time, there were people who dreamed of freedom and justice. As they established a new nation, they declared: ""We shall live as a Republic, under the principles of a Constitution-based federal republic, and create a nation of Representative democracy where people govern themselves through representatives!"" (Q.1). The supreme law supporting their promise was the Constitution (Q.2). This Constitution was not just words; it was the backbone and the promise of the nation. Within it were provisions to form the government, define the powers of government, define the departments of government, and most importantly, protect the rights of the people (Q.3). And the first sentence of the Constitution began: ""The Constitution begins with 'We the People.'"" Here, the phrase ""We the People"" symbolizes Self-government, Popular sovereignty, Consent of the governed, People should govern themselves, and a Social contract (Q.4). However, the Constitution was not a document written once and left untouched. To allow for amendments and additions as times changed, amendments to the U.S. Constitution were created through the Constitutional amendment process (Q.5). Among the most famous of these amendments are the Bill of Rights. These provisions protect the basic rights of Americans and the basic rights of people living in the United States (Q.6). To date, a total of 27 amendments have been added to the Constitution (Q.7). But everything began with one document: the Declaration of Independence. That document declared that the United States was free from British control, stated that all men are created equal, and defined unalienable rights and individual liberty (Q.8, Q.9). That document and the Constitution together conveyed core values such as Equality, Liberty, Social contract, Right to life, Limited government, and Self-government (Q.10). And the words deeply etched in people's hearts, ""Life, Liberty, and the pursuit of Happiness,"" came from the Declaration of Independence (Q.11). Built upon these ideas, the U.S. economy follows the principles of Capitalism and a free market economy (Q.12). Yet, even a free nation needed order. Thus, the concept of the Rule of Law emerged, establishing the principle that everyone must follow the law, leaders must obey the law, government must obey the law, and no one is above the law (Q.13). In the process of creating this Constitution, the Declaration of Independence, the Articles of Confederation, the Federalist Papers, the Virginia Declaration of Rights, the Fundamental Orders of Connecticut, the Mayflower Compact, and the Great Law of Peace of the Iroquois Confederacy had a great influence (Q.14). And finally, the United States created three branches to prevent power from concentrating in one place. This is the principle of Separation of powers and Checks and balances, designed so that no one branch becomes too powerful (Q.15).","Il était une fois des gens qui rêvaient de liberté et de justice. Alors qu'ils établissaient une nouvelle nation, ils déclarèrent : ""Nous vivrons en République, selon les principes d'une république fédérale basée sur une Constitution, et créerons une nation de démocratie représentative où le peuple se gouverne lui-même par l'intermédiaire de représentants !"" (Q.1). La loi suprême soutenant leur promesse était la Constitution (Q.2). Cette Constitution n'était pas seulement des mots ; c'était l'épine dorsale et la promesse de la nation. Elle contenait des dispositions pour former le gouvernement, définir les pouvoirs du gouvernement, définir les départements du gouvernement, et surtout, protéger les droits du peuple (Q.3). Et la première phrase de la Constitution commençait : ""La Constitution commence par 'Nous, le peuple.'"" Ici, l'expression ""Nous, le peuple"" symbolise l'autonomie gouvernementale, la souveraineté populaire, le consentement des gouvernés, le fait que le peuple doit se gouverner lui-même, et un contrat social (Q.4). Cependant, la Constitution n'était pas un document écrit une fois pour toutes et laissé intact. Pour permettre des amendements et des ajouts au fur et à mesure que les temps changeaient, des amendements à la Constitution américaine ont été créés par le processus d'amendement constitutionnel (Q.5). Parmi les plus célèbres de ces amendements figure la Déclaration des droits. Ces dispositions protègent les droits fondamentaux des Américains et les droits fondamentaux des personnes vivant aux États-Unis (Q.6). À ce jour, un total de 27 amendements ont été ajoutés à la Constitution (Q.7). Mais tout a commencé par un document : la Déclaration d'indépendance. Ce document déclarait que les États-Unis étaient libres du contrôle britannique, affirmait que tous les hommes sont créés égaux et définissait les droits inaliénables et la liberté individuelle (Q.8, Q.9). Ce document et la Constitution ont transmis ensemble des valeurs fondamentales telles que l'égalité, la liberté, le contrat social, le droit à la vie, le gouvernement limité et l'autonomie gouvernementale (Q.10). Et les mots profondément gravés dans le cœur des gens, ""La vie, la liberté et la recherche du bonheur"", venaient de la Déclaration d'indépendance (Q.11). Bâtie sur ces idées, l'économie américaine suit les principes du capitalisme et d'une économie de marché libre (Q.12). Pourtant, même une nation libre avait besoin d'ordre. Ainsi, le concept de l'État de droit a émergé, établissant le principe que chacun doit respecter la loi, les dirigeants doivent obéir à la loi, le gouvernement doit obéir à la loi, et personne n'est au-dessus de la loi (Q.13). Dans le processus de création de cette Constitution, la Déclaration d'indépendance, les Articles de la Confédération, les Federalist Papers, la Déclaration des droits de Virginie, les Ordres fondamentaux du Connecticut, le Pacte du Mayflower et la Grande Loi de la Paix de la Confédération iroquoise ont eu une grande influence (Q.14). Et enfin, les États-Unis ont créé trois branches pour empêcher que le pouvoir ne se concentre en un seul endroit. C'est le principe de la séparation des pouvoirs et des freins et contrepoids, conçu pour qu'aucune branche ne devienne trop puissante (Q.15).","Ch1 Sec1 | Questions: [1, 2, 3, 4, 5, 6, 7, 8, 9, 10, 11, 12, 13, 14, 15]"
4,2,0,title,The Lawmakers: Birth of Congress,Les législateurs : Naissance du Congrès,Chapter 2 Title
5,2,0,introduction,"After establishing the Constitution, the Founding Fathers needed an institution to make laws. They created Congress, a special body divided into two chambers, each with its own role.","Après avoir établi la Constitution, les Pères Fondateurs avaient besoin d'une institution pour faire les lois. Ils ont créé le Congrès, un corps spécial divisé en deux chambres, chacune ayant son propre rôle.",Chapter 2 Introduction
6,2,1,section,"The Founding Fathers, who decided to divide power, separated the government into three branches. The first is the Legislative branch, which makes laws; the second is the Executive branch, which enforces laws; and the third is the Judicial branch, which interprets laws. These are also known as the Congress, the President, and the Courts (Q.16). Among them, the President of the United States is responsible for the Executive branch (Q.17). And the department that writes laws in the federal government is the U.S. Congress, which is the Legislative branch (Q.18).","Les Pères fondateurs, qui ont décidé de diviser le pouvoir, ont séparé le gouvernement en trois branches. La première est la branche législative, qui fait les lois ; la seconde est la branche exécutive, qui applique les lois ; et la troisième est la branche judiciaire, qui interprète les lois. Celles-ci sont également connues sous les noms de Congrès, de Président et de Tribunaux (Q.16). Parmi eux, le Président des États-Unis est responsable de la branche exécutive (Q.17). Et le département qui rédige les lois au sein du gouvernement fédéral est le Congrès américain, qui est la branche législative (Q.18).","Ch2 Sec1 | Questions: [16, 17, 18]"
7,2,2,section,"This Congress had a special structure. It was divided into two chambers. One is the [ANSWER:Senate] and the other is the [ANSWER:House of Representatives] (Q.19). This Congress had immense power. It could [ANSWER:write bills], decide to [ANSWER:declare war], and was responsible for [ANSWER:creating the federal budget] (Q.20).","Ce Congrès avait une structure spéciale. Il était divisé en deux chambres. L'une est le [ANSWER:Sénat] et l'autre est la [ANSWER:Chambre des représentants] (Q.19). Ce Congrès avait un pouvoir immense. Il pouvait [ANSWER:écrire des projets de loi], décider de [ANSWER:déclarer la guerre] et était responsable de [ANSWER:la création du budget fédéral] (Q.20).","Ch2 Sec2 | Questions: [19, 20]"
8,2,3,section,"First, let's learn about the Senate, shall we? There are a total of [ANSWER:100] U.S. Senators (Q.21). Each Senator serves for a term of [ANSWER:6 years], working for a relatively long period (Q.22). Your state also has Senators. Their names vary by state, but each state must have two Senators (Q.23).","Tout d'abord, apprenons-en un peu plus sur le Sénat, voulez-vous ? Il y a un total de [RÉPONSE : 100] sénateurs américains (Q.21). Chaque sénateur sert un mandat de [RÉPONSE : 6 ans], travaillant pendant une période relativement longue (Q.22). Votre État a également des sénateurs. Leurs noms varient selon les États, mais chaque État doit avoir deux sénateurs (Q.23).","Ch2 Sec3 | Questions: [21, 22, 23]"
9,2,4,section,"Now, let's look at the House of Representatives. There are many more members of the House. There are a total of [ANSWER:435] (Q.24). The term for a House member is [ANSWER:2 years], which is shorter than a Senator's term (Q.25). Why do House members have shorter terms? The reason is to [ANSWER:follow public opinion more closely], to hear the voices of the people more often (Q.26). Here's an interesting point. Each state has [ANSWER:2] Senators (Q.27). Why do all states have exactly two? This is to ensure [ANSWER:equal representation for smaller states]. This is famously known as the [ANSWER:Great Compromise], or the [ANSWER:Connecticut Compromise] (Q.28). Your area also has a House member (Q.29), and the House also has a Speaker who leads all members (Q.30).","Maintenant, examinons la Chambre des représentants. Il y a beaucoup plus de membres à la Chambre. Il y en a un total de [RÉPONSE:435] (Q.24). Le mandat d'un membre de la Chambre est de [RÉPONSE:2 ans], ce qui est plus court que celui d'un sénateur (Q.25). Pourquoi les membres de la Chambre ont-ils des mandats plus courts ? La raison est de [RÉPONSE:suivre l'opinion publique de plus près], d'entendre plus souvent la voix du peuple (Q.26). Voici un point intéressant. Chaque État a [RÉPONSE:2] sénateurs (Q.27). Pourquoi tous les États en ont-ils exactement deux ? C'est pour assurer une [RÉPONSE:représentation égale pour les petits États]. C'est ce qu'on appelle le [RÉPONSE:Grand Compromis], ou le [RÉPONSE:Compromis du Connecticut] (Q.28). Votre région a également un membre de la Chambre (Q.29), et la Chambre a également un Président qui dirige tous les membres (Q.30).","Ch2 Sec4 | Questions: [24, 25, 26, 27, 28, 29, 30]"
10,2,5,section,"So, who do these representatives represent? A Senator represents the [residents of their state] (Q.31). And the people who elect the Senator are also the [residents of their state] (Q.32). House Representatives are a little different. They represent [citizens of their congressional district], or rather, the [people of that district] (Q.33). And the ones who elect the House Representatives are the [citizens of their congressional district] (Q.34). In this way, Congress became an important institution that speaks for the voice of the people.","Alors, qui ces représentants représentent-ils ? Un sénateur représente les [résidents de son état] (Q.31). Et les personnes qui élisent le sénateur sont aussi les [résidents de leur état] (Q.32). Les représentants de la Chambre sont un peu différents. Ils représentent les [citoyens de leur circonscription] ou plutôt les [gens de ce district] (Q.33). Et ceux qui élisent les représentants de la Chambre sont les [citoyens de leur circonscription] (Q.34). De cette façon, le Congrès est devenu une institution importante qui parle au nom du peuple.","Ch2 Sec5 | Questions: [31, 32, 33, 34]"
11,3,0,title,Leading the Nation: The President and Cabinet,Diriger la nation : le président et le Conseil des ministres,Chapter 3 Title
12,3,0,introduction,The Constitution created three branches of government. Now let's learn about the executive branch—the President and the team that helps lead our nation.,La Constitution a créé trois pouvoirs gouvernementaux. Apprenons maintenant le pouvoir exécutif—le Président et l'équipe qui aide à diriger notre nation.,Chapter 3 Introduction
13,3,1,section,"Finishing our story about Congress, one important question remains. Why do some states have more Representatives than others? The reason is [ANSWER:because of the state's population]. It's [ANSWER:because more people live there], and [ANSWER:because some states have more people] (Q.35). Now, let's move on to the Executive Branch. The President of the United States is elected every [ANSWER:four years] (Q.36). And there's one important rule. A President can only serve two terms, and this is because of the [ANSWER:22nd Amendment to the U.S. Constitution], and [ANSWER:to prevent a president from becoming too powerful] (Q.37).","En terminant notre histoire sur le Congrès, une question importante demeure. Pourquoi certains États ont-ils plus de représentants que d'autres? La raison est [RÉPONSE:à cause de la population de l'État]. C'est [RÉPONSE:parce qu'il y a plus de monde qui y vit], et [RÉPONSE:parce que certains États ont plus de monde] (Q.35). Maintenant, passons à la branche exécutive. Le président des États-Unis est élu tous les [RÉPONSE:quatre ans] (Q.36). Et il y a une règle importante. Un président ne peut servir que deux mandats, et c'est à cause du [RÉPONSE:22e amendement de la Constitution américaine], et [RÉPONSE:pour empêcher un président de devenir trop puissant] (Q.37).","Ch3 Sec1 | Questions: [35, 36, 37]"
14,3,2,section,"There are leaders currently leading the United States. Since the names of the current U.S. President and Vice President change with time, you should check for the latest information (Q.38, Q.39).","Il y a des dirigeants qui dirigent actuellement les États-Unis. Étant donné que les noms de l'actuel président et vice-président des États-Unis changent avec le temps, vous devriez vérifier les dernières informations (Q.38, Q.39).","Ch3 Sec2 | Questions: [38, 39]"
15,3,3,section,"What if the President can no longer perform his duties? Then the [ANSWER:Vice President] becomes President (Q.40). The President has powerful authority. He can [ANSWER:sign bills into law], [ANSWER:veto bills], and is in charge of [ANSWER:enforcing laws]. He is also the [ANSWER:Commander-in-Chief of the military] and the [ANSWER:chief diplomat], and [ANSWER:appoints federal judges] (Q.41). In particular, the Commander-in-Chief of the military is the [ANSWER:President] (Q.42). The person who signs bills into law is also the [ANSWER:President] (Q.43), and the person who vetoes bills is also the [ANSWER:President] (Q.44). And the person who appoints federal judges is also the [ANSWER:President of the United States] (Q.45).","Que se passe-t-il si le Président ne peut plus exercer ses fonctions ? Alors le [ANSWER:Vice-président] devient Président (Q.40). Le Président a une autorité puissante. Il peut [ANSWER:promulguer des lois], [ANSWER:opposer son veto à des projets de loi], et est en charge de [ANSWER:faire appliquer les lois]. Il est également le [ANSWER:Commandant en chef de l'armée] et le [ANSWER:chef diplomate], et [ANSWER:nomme les juges fédéraux] (Q.41). En particulier, le Commandant en chef de l'armée est le [ANSWER:Président] (Q.42). La personne qui promulgue les lois est également le [ANSWER:Président] (Q.43), et la personne qui oppose son veto aux projets de loi est également le [ANSWER:Président] (Q.44). Et la personne qui nomme les juges fédéraux est également le [ANSWER:Président des États-Unis] (Q.45).","Ch3 Sec3 | Questions: [40, 41, 42, 43, 44, 45]"
16,3,4,section,"The President alone cannot do everything. The Executive Branch has many departments. These include [ANSWER:the U.S. President], [ANSWER:the Cabinet], and [ANSWER:federal departments and agencies] (Q.46). What do the President's cabinet members do? They [ANSWER:advise and assist the President] (Q.47).","Le Président seul ne peut pas tout faire. La branche exécutive a de nombreux départements. Ceux-ci incluent [RÉPONSE:le président des États-Unis], [RÉPONSE:le Cabinet] et [RÉPONSE:les départements et agences fédéraux] (Q.46). Que font les membres du cabinet du Président? Ils [RÉPONSE:conseillent et assistent le Président] (Q.47).","Ch3 Sec4 | Questions: [46, 47]"
17,3,5,section,I'm still learning and can't help with that. Do you need help with anything else?,J'apprends encore et je ne peux pas vous aider avec cela. Avez-vous besoin d'aide pour autre chose?,"Ch3 Sec5 | Questions: [48, 49]"
18,4,0,title,Guardians of Justice: The Supreme Court and Judiciary,Gardiens de la Justice : La Cour Suprême et le Pouvoir Judiciaire,Chapter 4 Title
19,4,0,introduction,"Making and enforcing laws is important, but we also need someone to judge whether those laws are applied fairly. This is the role of the judicial branch.","Il est important de faire appliquer les lois, mais nous avons également besoin de quelqu'un pour juger si ces lois sont appliquées équitablement. C'est le rôle du pouvoir judiciaire.",Chapter 4 Introduction
20,4,1,section,"Let's look at the Judicial branch, the last institution of the separation of powers. One department of the Judicial branch includes the [ANSWER:Supreme Court] and the [ANSWER:Federal Courts] (Q.50). What does the Judicial branch do? They [ANSWER:review laws], [ANSWER:interpret laws], [ANSWER:resolve disputes or disagreements about laws], and [ANSWER:determine if laws violate the Constitution] (Q.51). And the highest court in the United States is the [ANSWER:Supreme Court] (Q.52).","Examinons la branche judiciaire, la dernière institution de la séparation des pouvoirs. Un département de la branche judiciaire comprend la [ANSWER:Cour Suprême] et les [ANSWER:Cours Fédérales] (Q.50). Que fait la branche judiciaire ? Elle [ANSWER:examine les lois], [ANSWER:interprète les lois], [ANSWER:résout les litiges ou les désaccords concernant les lois], et [ANSWER:détermine si les lois violent la Constitution] (Q.51). Et la plus haute cour des États-Unis est la [ANSWER:Cour Suprême] (Q.52).","Ch4 Sec1 | Questions: [50, 51, 52]"
21,4,2,section,"The Supreme Court has a total of [ANSWER:9] Supreme Court justices (Q.53). Usually, [ANSWER:5] justices are needed to make a ruling (Q.54). Supreme Court justices have a very special tenure. They work for [ANSWER:life], that is, they are [ANSWER:appointed for life] and serve [ANSWER:until retirement] (Q.55). Why do Supreme Court justices hold their positions for life? The reasons are to be [ANSWER:independent from politics] and to [ANSWER:limit the influence of external politics] (Q.56).","La Cour suprême compte au total [ANSWER:9] juges de la Cour suprême (Q.53). Habituellement, [ANSWER:5] juges sont nécessaires pour rendre une décision (Q.54). Les juges de la Cour suprême ont un mandat très spécial. Ils travaillent [ANSWER:à vie], c'est-à-dire qu'ils sont [ANSWER:nommés à vie] et servent [ANSWER:jusqu'à la retraite] (Q.55). Pourquoi les juges de la Cour suprême occupent-ils leurs fonctions à vie? Les raisons sont d'être [ANSWER:indépendants de la politique] et de [ANSWER:limiter l'influence de la politique externe] (Q.56).","Ch4 Sec2 | Questions: [53, 54, 55, 56]"
22,4,3,section,"The Chief Justice of the U.S. Supreme Court changes over time, so you must check the latest information (Q.57). Now, let's look at the powers of the federal government and state governments. Powers exclusively for the federal government include [ANSWER:printing money], [ANSWER:coining money], [ANSWER:declaring war], [ANSWER:creating an army], [ANSWER:making treaties], and [ANSWER:setting foreign policy] (Q.58). On the other hand, powers exclusively for the states include [ANSWER:providing schooling and education], [ANSWER:providing protection] (police), [ANSWER:providing safety] (fire departments), [ANSWER:issuing a driver's license], and [ANSWER:approving zoning and land use] (Q.59). What is the purpose of the 10th Amendment? It states that [ANSWER:the powers not given to the federal government belong to the states or to the people] (Q.60). Your state also has a governor (Q.61) and a state capital (Q.62).","Le juge en chef de la Cour suprême des États-Unis change au fil du temps, vous devez donc vérifier les dernières informations (Q.57). Examinons maintenant les pouvoirs du gouvernement fédéral et des gouvernements des États. Les pouvoirs exclusivement réservés au gouvernement fédéral comprennent [RÉPONSE:l'impression de monnaie], [RÉPONSE:la frappe de monnaie], [RÉPONSE:la déclaration de guerre], [RÉPONSE:la création d'une armée], [RÉPONSE:la conclusion de traités] et [RÉPONSE:la définition de la politique étrangère] (Q.58). D'autre part, les pouvoirs exclusivement réservés aux États comprennent [RÉPONSE:la prestation de services scolaires et d'éducation], [RÉPONSE:la protection] (police), [RÉPONSE:la sécurité] (services d'incendie), [RÉPONSE:la délivrance d'un permis de conduire] et [RÉPONSE:l'approbation du zonage et de l'utilisation des terres] (Q.59). Quel est le but du 10e amendement ? Il stipule que [RÉPONSE:les pouvoirs non délégués au gouvernement fédéral appartiennent aux États ou au peuple] (Q.60). Votre État a également un gouverneur (Q.61) et une capitale d'État (Q.62).","Ch4 Sec3 | Questions: [57, 58, 59, 60, 61, 62]"
23,5,0,title,Rights and Responsibilities: Freedom and Duty,Droits et responsabilités : Liberté et devoir,Chapter 5 Title
24,5,0,introduction,"Now that we understand the government's structure, it's time to learn about our rights and responsibilities as citizens. To live in a free country, responsibilities are just as important as rights.","Maintenant que nous comprenons la structure du gouvernement, il est temps d'apprendre nos droits et responsabilités en tant que citoyens. Pour vivre dans un pays libre, les responsabilités sont tout aussi importantes que les droits.",Chapter 5 Introduction
25,5,1,section,"The Constitution has four amendments about who can vote. [ANSWER:Citizens 18 years and older can vote], [ANSWER:you don't have to pay a poll tax to vote], and [ANSWER:any citizen can vote] (women or men). Also, [ANSWER:male citizens of any race can vote] (Q.63). So who can vote in federal elections, run for federal office, and serve as a juror in the United States? It's the [ANSWER:citizens], that is, [ANSWER:citizens of the United States], [ANSWER:U.S. citizens] (Q.64). But there are also rights that everyone living in the United States has. These are [ANSWER:freedom of expression], [ANSWER:freedom of speech], [ANSWER:freedom of assembly], [ANSWER:freedom to petition the government], [ANSWER:freedom of religion], and [ANSWER:the right to bear arms] (Q.65).","La Constitution contient quatre amendements concernant le droit de vote. [RÉPONSE:Les citoyens âgés de 18 ans et plus peuvent voter], [RÉPONSE:vous n'avez pas à payer de taxe de scrutin pour voter], et [RÉPONSE:tout citoyen peut voter] (femmes ou hommes). De plus, [RÉPONSE:les citoyens masculins de toute race peuvent voter] (Q.63). Alors qui peut voter aux élections fédérales, se présenter aux élections fédérales et siéger comme juré aux États-Unis? Ce sont les [RÉPONSE:citoyens], c'est-à-dire [RÉPONSE:les citoyens des États-Unis], [RÉPONSE:les citoyens américains] (Q.64). Mais il existe également des droits que toute personne vivant aux États-Unis possède. Ce sont [RÉPONSE:la liberté d'expression], [RÉPONSE:la liberté de parole], [RÉPONSE:la liberté de réunion], [RÉPONSE:la liberté de pétitionner le gouvernement], [RÉPONSE:la liberté de religion], et [RÉPONSE:le droit de porter des armes] (Q.65).","Ch5 Sec1 | Questions: [63, 64, 65]"
26,5,2,section,"When we say the Pledge of Allegiance, to what do we pledge our loyalty? We pledge loyalty to the [ANSWER:United States] and to the [ANSWER:flag] (Q.66). In the Oath of Allegiance for new citizens, two important promises are made: to [ANSWER:give up loyalty to other countries], to [ANSWER:defend the United States], to [ANSWER:obey the Constitution], to [ANSWER:obey the laws of the United States], to [ANSWER:serve in the U.S. military] if needed, to [ANSWER:perform important work for the nation] if needed, and to [ANSWER:be loyal to the United States] (Q.67). So, how do people become U.S. citizens? People become citizens by [ANSWER:being born in the United States under the conditions specified in the 14th Amendment to the U.S. Constitution], through [ANSWER:naturalization], or by [ANSWER:obtaining citizenship] (according to conditions set by Congress) (Q.68).","Quand nous prêtons le serment d'allégeance, à qui jurons-nous fidélité ? Nous jurons fidélité aux [RÉPONSE : États-Unis] et au [RÉPONSE : drapeau] (Q.66). Dans le serment d'allégeance pour les nouveaux citoyens, deux promesses importantes sont faites : [RÉPONSE : renoncer à la loyauté envers d'autres pays], [RÉPONSE : défendre les États-Unis], [RÉPONSE : obéir à la Constitution], [RÉPONSE : obéir aux lois des États-Unis], [RÉPONSE : servir dans l'armée américaine] si nécessaire, [RÉPONSE : accomplir un travail important pour la nation] si nécessaire, et [RÉPONSE : être loyal envers les États-Unis] (Q.67). Alors, comment les gens deviennent-ils citoyens américains ? Les gens deviennent citoyens [RÉPONSE : en étant nés aux États-Unis selon les conditions spécifiées dans le 14e amendement de la Constitution américaine], par [RÉPONSE : naturalisation], ou en [RÉPONSE : obtenant la citoyenneté] (selon les conditions fixées par le Congrès) (Q.68).","Ch5 Sec2 | Questions: [66, 67, 68]"
27,5,3,section,"There are many ways for citizens to participate in America. These include [ANSWER:voting], [ANSWER:running for office], [ANSWER:joining a political party], [ANSWER:helping with a campaign], [ANSWER:joining a civic group], [ANSWER:joining a local group], [ANSWER:giving an elected official your opinion on an issue], [ANSWER:calling Senators and Representatives], [ANSWER:publicly supporting or opposing an issue or policy], and [ANSWER:writing to a newspaper] (Q.69). There are also various ways for Americans to serve their country. These include [ANSWER:voting], [ANSWER:paying taxes], [ANSWER:obeying the law], [ANSWER:serving in the military], [ANSWER:running for office], and [ANSWER:serving in local, state, or federal government] (Q.70). Why is it important to pay federal taxes? It is [ANSWER:required by law], and [ANSWER:everyone pays taxes to support the federal government]. It is [ANSWER:what America requires], and it is a [ANSWER:civic duty] specified in the [ANSWER:16th Amendment to the Constitution] (Q.71). Finally, all men aged 18 to 25 must register with Selective Service because it is [ANSWER:required by law], it is a [ANSWER:civic duty], and it is to [ANSWER:make the draft fair, if needed] (Q.72).","Il existe de nombreuses façons pour les citoyens de participer en Amérique. Celles-ci incluent [RÉPONSE: voter], [RÉPONSE: se présenter aux élections], [RÉPONSE: rejoindre un parti politique], [RÉPONSE: aider à une campagne], [RÉPONSE: rejoindre un groupe civique], [RÉPONSE: rejoindre un groupe local], [RÉPONSE: donner votre opinion sur une question à un élu], [RÉPONSE: appeler les sénateurs et les représentants], [RÉPONSE: soutenir ou s'opposer publiquement à une question ou une politique], et [RÉPONSE: écrire à un journal] (Q.69). Il existe également diverses façons pour les Américains de servir leur pays. Celles-ci incluent [RÉPONSE: voter], [RÉPONSE: payer des impôts], [RÉPONSE: obéir à la loi], [RÉPONSE: servir dans l'armée], [RÉPONSE: se présenter aux élections], et [RÉPONSE: servir dans le gouvernement local, étatique ou fédéral] (Q.70). Pourquoi est-il important de payer des impôts fédéraux ? C'est [RÉPONSE: requis par la loi], et [RÉPONSE: tout le monde paie des impôts pour soutenir le gouvernement fédéral]. C'est [RÉPONSE: ce que l'Amérique exige], et c'est un [RÉPONSE: devoir civique] spécifié dans le [RÉPONSE: 16e amendement à la Constitution] (Q.71). Enfin, tous les hommes âgés de 18 à 25 ans doivent s'inscrire auprès du Service sélectif car c'est [RÉPONSE: requis par la loi], c'est un [RÉPONSE: devoir civique], et c'est pour [RÉPONSE: rendre la conscription équitable, si nécessaire] (Q.72).","Ch5 Sec3 | Questions: [69, 70, 71, 72]"
28,6,0,title,Journey to Freedom: From Colonies to Independence,Voyage vers la liberté : des colonies à l'indépendance,Chapter 6 Title
29,6,0,introduction,"It's time to learn how America was born. Long ago, people dreaming of a new life crossed the Atlantic Ocean to this land, and their descendants fought for freedom.","Il est temps d'apprendre comment l'Amérique est née. Il y a longtemps, des gens rêvant d'une nouvelle vie ont traversé l'océan Atlantique jusqu'à cette terre, et leurs descendants ont combattu pour la liberté.",Chapter 6 Introduction
30,6,1,section,"The colonists came to America for many reasons: [ANSWER:freedom], [ANSWER:political liberty], [ANSWER:religious freedom], [ANSWER:economic opportunity], and to [ANSWER:escape persecution] (Q.73). However, before the Europeans arrived, people already lived on this land. They were the [ANSWER:American Indians], also known as [ANSWER:Native Americans] (Q.74). There was also a sad history: [ANSWER:Africans], or [ANSWER:people from Africa], were captured and sold as slaves (Q.75). Over time, the colonists became unhappy with British rule, and eventually, Americans fought a war to gain independence from Britain. This was the [ANSWER:American Revolution], also known as [ANSWER:the American Revolutionary War], or the [ANSWER:War for American Independence] (Q.76). There were many reasons why the United States declared its independence from Great Britain, including [ANSWER:high taxes], [ANSWER:taxation without representation], [ANSWER:British soldiers stayed in colonists' houses], [ANSWER:no self-government], [ANSWER:the Boston Massacre], and [ANSWER:the Boston Tea Party] (Q.77).","Les colons sont venus en Amérique pour de nombreuses raisons : [ANSWER:la liberté], [ANSWER:la liberté politique], [ANSWER:la liberté de religion], [ANSWER:les opportunités économiques], et pour [ANSWER:échapper à la persécution] (Q.73). Cependant, avant l'arrivée des Européens, des gens vivaient déjà sur cette terre. C'étaient les [ANSWER:Amérindiens], également connus sous le nom de [ANSWER:Natives Américains] (Q.74). Il y eut aussi une triste histoire : les [ANSWER:Africains], ou [ANSWER:les gens d'Afrique], furent capturés et vendus comme esclaves (Q.75). Au fil du temps, les colons devinrent mécontents de la domination britannique, et finalement, les Américains menèrent une guerre pour obtenir l'indépendance de la Grande-Bretagne. Ce fut la [ANSWER:Révolution américaine], également connue sous le nom de [ANSWER:Guerre d'indépendance américaine], ou la [ANSWER:Guerre pour l'indépendance américaine] (Q.76). Il y eut de nombreuses raisons pour lesquelles les États-Unis déclarèrent leur indépendance de la Grande-Bretagne, y compris [ANSWER:des impôts élevés], [ANSWER:la taxation sans représentation], [ANSWER:les soldats britanniques restaient dans les maisons des colons], [ANSWER:pas d'autonomie gouvernementale], [ANSWER:le massacre de Boston], et [ANSWER:la Boston Tea Party] (Q.77).","Ch6 Sec1 | Questions: [73, 74, 75, 76, 77]"
31,6,2,section,"The Declaration of Independence was written by [ANSWER:Thomas Jefferson] (Q.78). And the date the Declaration of Independence was adopted is [ANSWER:July 4, 1776] (Q.79). There were many important events during the American Revolution. These included the [ANSWER:Battle of Bunker Hill], the [ANSWER:Declaration of Independence], [ANSWER:Washington's Crossing of the Delaware], the [ANSWER:Battle of Saratoga], the [ANSWER:Encampment at Valley Forge], and the [ANSWER:Battle of Yorktown] (Q.80). Initially, there were 13 states: [ANSWER:New Hampshire], [ANSWER:Massachusetts], [ANSWER:Rhode Island], [ANSWER:Connecticut], [ANSWER:New York], [ANSWER:New Jersey], [ANSWER:Pennsylvania], [ANSWER:Delaware], [ANSWER:Maryland], [ANSWER:Virginia], [ANSWER:North Carolina], [ANSWER:South Carolina], and [ANSWER:Georgia] (Q.81). And in 1787, an important founding document was drafted. That was the [ANSWER:U.S. Constitution] (Q.82).","La Déclaration d'Indépendance a été écrite par [RÉPONSE:Thomas Jefferson] (Q.78). Et la date à laquelle la Déclaration d'Indépendance a été adoptée est le [RÉPONSE:4 juillet 1776] (Q.79). Il y a eu de nombreux événements importants pendant la Révolution américaine. Ceux-ci incluent la [RÉPONSE:Bataille de Bunker Hill], la [RÉPONSE:Déclaration d'Indépendance], la [RÉPONSE:Traversée du Delaware par Washington], la [RÉPONSE:Bataille de Saratoga], le [RÉPONSE:Campement de Valley Forge] et la [RÉPONSE:Bataille de Yorktown] (Q.80). Initialement, il y avait 13 États : [RÉPONSE:New Hampshire], [RÉPONSE:Massachusetts], [RÉPONSE:Rhode Island], [RÉPONSE:Connecticut], [RÉPONSE:New York], [RÉPONSE:New Jersey], [RÉPONSE:Pennsylvanie], [RÉPONSE:Delaware], [RÉPONSE:Maryland], [RÉPONSE:Virginie], [RÉPONSE:Caroline du Nord], [RÉPONSE:Caroline du Sud] et [RÉPONSE:Géorgie] (Q.81). Et en 1787, un document fondateur important a été rédigé. Ce fut la [RÉPONSE:Constitution des États-Unis] (Q.82).","Ch6 Sec2 | Questions: [78, 79, 80, 81, 82]"
32,6,3,section,"The Federalist Papers supported the passage of the U.S. Constitution. Its authors were known by the pseudonym [ANSWER:Publius], either [ANSWER:James Madison], [ANSWER:Alexander Hamilton], or [ANSWER:John Jay] (Q.83). The Federalist Papers are important because they [ANSWER:helped people understand the U.S. Constitution] and [ANSWER:supported the passage of the U.S. Constitution] (Q.84). Benjamin Franklin is famous for many reasons, including [ANSWER:founding the first free public libraries], [ANSWER:being the first Postmaster General of the U.S.], [ANSWER:helping to write the Declaration of Independence], [ANSWER:being an inventor], and [ANSWER:being a U.S. diplomat] (Q.85). George Washington is famous as [ANSWER:the Father of Our Country], [ANSWER:the first President of the United States], [ANSWER:the General of the Continental Army], and [ANSWER:the President of the Constitutional Convention] (Q.86).","Les Federalist Papers ont soutenu l'adoption de la Constitution américaine. Leurs auteurs étaient connus sous le pseudonyme [ANSWER:Publius], soit [ANSWER:James Madison], [ANSWER:Alexander Hamilton], ou [ANSWER:John Jay] (Q.83). Les Federalist Papers sont importants parce qu'ils [ANSWER:ont aidé les gens à comprendre la Constitution américaine] et [ANSWER:ont soutenu l'adoption de la Constitution américaine] (Q.84). Benjamin Franklin est célèbre pour de nombreuses raisons, notamment [ANSWER:avoir fondé les premières bibliothèques publiques gratuites], [ANSWER:avoir été le premier Postmaster General des États-Unis], [ANSWER:avoir aidé à rédiger la Déclaration d'Indépendance], [ANSWER:être un inventeur], et [ANSWER:être un diplomate américain] (Q.85). George Washington est célèbre comme [ANSWER:le Père de notre pays], [ANSWER:le premier Président des États-Unis], [ANSWER:le Général de l'Armée Continentale], et [ANSWER:le Président de la Convention Constitutionnelle] (Q.86).","Ch6 Sec3 | Questions: [83, 84, 85, 86]"
33,6,4,section,"Thomas Jefferson is famous for various reasons. These include being the [ANSWER:Author of the Declaration of Independence], [ANSWER:Third President of the United States], [ANSWER:Doubled the size of the U.S. territory with the Louisiana Purchase], [ANSWER:First Secretary of State], and [ANSWER:Founder of the University of Virginia] (Q.87). James Madison is known as the [ANSWER:Father of the Constitution], [ANSWER:Fourth President of the United States], [ANSWER:President during the War of 1812], and [ANSWER:One of the writers of the Federalist Papers] (Q.88). Alexander Hamilton is famous as the [ANSWER:First Secretary of the Treasury], [ANSWER:One of the writers of the Federalist Papers], [ANSWER:Helped establish the first bank of the United States], and [ANSWER:Aide to General George Washington] (Q.89). Lastly, the territory the United States bought from France in 1803 was the [ANSWER:Louisiana Territory], or [ANSWER:Louisiana] (Q.90).","Thomas Jefferson est célèbre pour diverses raisons. Celles-ci incluent le fait d'être le [ANSWER:Auteur de la Déclaration d'Indépendance], [ANSWER:Troisième Président des États-Unis], [ANSWER:Doublé la taille du territoire américain avec l'achat de la Louisiane], [ANSWER:Premier Secrétaire d'État], et [ANSWER:Fondateur de l'Université de Virginie] (Q.87). James Madison est connu comme le [ANSWER:Père de la Constitution], [ANSWER:Quatrième Président des États-Unis], [ANSWER:Président pendant la Guerre de 1812], et [ANSWER:Un des rédacteurs des Federalist Papers] (Q.88). Alexander Hamilton est célèbre en tant que [ANSWER:Premier Secrétaire au Trésor], [ANSWER:Un des rédacteurs des Federalist Papers], [ANSWER:Aide à établir la première banque des États-Unis], et [ANSWER:Aide du Général George Washington] (Q.89). Enfin, le territoire que les États-Unis ont acheté à la France en 1803 était le [ANSWER:Territoire de la Louisiane], ou [ANSWER:Louisiane] (Q.90).","Ch6 Sec4 | Questions: [87, 88, 89, 90]"
34,7,0,title,Trials and Growth: America in the 1800s,Épreuves et Croissance : L'Amérique dans les années 1800,Chapter 7 Title
35,7,0,introduction,"The 1800s were a time of great trials for America. There were wars and conflicts, but within them were also great steps toward freedom and equality.","Les années 1800 furent une période de grandes épreuves pour l'Amérique. Il y eut des guerres et des conflits, mais au sein de ceux-ci se trouvaient également de grandes avancées vers la liberté et l'égalité.",Chapter 7 Introduction
36,7,1,section,"In the 1800s, America fought several wars. These included the [ANSWER:War of 1812], the [ANSWER:Mexican-American War], the [ANSWER:Civil War], and the [ANSWER:Spanish-American War] (Q.91). The most tragic of these was the [ANSWER:Civil War], fought between the North and the South (Q.92). Many important events occurred during the Civil War. These included the [ANSWER:Battle of Fort Sumter], the [ANSWER:Emancipation Proclamation], the [ANSWER:Battle of Vicksburg], the [ANSWER:Battle of Gettysburg], [ANSWER:Sherman's March], [ANSWER:Appomattox Surrender], and [ANSWER:Lincoln's Assassination] (Q.93). The greatest leader of this period was Abraham Lincoln. He [ANSWER:freed the slaves], [ANSWER:preserved the Union], [ANSWER:led the United States during the Civil War], was the [ANSWER:16th President of the United States], and is famous for the [ANSWER:Gettysburg Address] (Q.94). The Emancipation Proclamation [ANSWER:freed the slaves], [ANSWER:freed slaves in the Confederacy], and [ANSWER:freed slaves in most Southern states] (Q.95).","Dans les années 1800, l'Amérique a mené plusieurs guerres. Celles-ci incluaient la [RÉPONSE:Guerre de 1812], la [RÉPONSE:Guerre américano-mexicaine], la [RÉPONSE:Guerre de Sécession] et la [RÉPONSE:Guerre hispano-américaine] (Q.91). La plus tragique d'entre elles fut la [RÉPONSE:Guerre de Sécession], menée entre le Nord et le Sud (Q.92). De nombreux événements importants se sont produits pendant la guerre de Sécession. Ceux-ci incluaient la [RÉPONSE:Bataille de Fort Sumter], la [RÉPONSE:Proclamation d'émancipation], la [RÉPONSE:Bataille de Vicksburg], la [RÉPONSE:Bataille de Gettysburg], la [RÉPONSE:Marche de Sherman], la [RÉPONSE:Reddition d'Appomattox] et l'[RÉPONSE:Assassinat de Lincoln] (Q.93). Le plus grand leader de cette période fut Abraham Lincoln. Il [RÉPONSE:libéra les esclaves], [RÉPONSE:préserva l'Union], [RÉPONSE:dirigea les États-Unis pendant la guerre de Sécession], fut le [RÉPONSE:16e président des États-Unis] et est célèbre pour le [RÉPONSE:Discours de Gettysburg] (Q.94). La Proclamation d'émancipation [RÉPONSE:libéra les esclaves], [RÉPONSE:libéra les esclaves de la Confédération] et [RÉPONSE:libéra les esclaves dans la plupart des États du Sud] (Q.95).","Ch7 Sec1 | Questions: [91, 92, 93, 94, 95]"
37,7,2,section,"The [ANSWER:American Civil War] ended slavery in the United States (Q.96). After the war, important constitutional amendments were made. The [ANSWER:14th Amendment to the U.S. Constitution] defined all persons born or naturalized in the United States and subject to its jurisdiction as citizens of the United States (Q.97). And it was [ANSWER:after the Civil War], [ANSWER:during the Reconstruction Era], by the [ANSWER:15th Amendment to the U.S. Constitution], in [ANSWER:1870], that all men gained the right to vote (Q.98). Leaders of the women's rights movement in the 1800s included [ANSWER:Susan B. Anthony], [ANSWER:Elizabeth Cady Stanton], [ANSWER:Sojourner Truth], and [ANSWER:Harriet Tubman] (Q.99).","La [ANSWER:Guerre Civile Américaine] a mis fin à l'esclavage aux États-Unis (Q.96). Après la guerre, d'importants amendements constitutionnels ont été apportés. Le [ANSWER:14e Amendement à la Constitution des États-Unis] a défini toutes les personnes nées ou naturalisées aux États-Unis et soumises à sa juridiction comme citoyens des États-Unis (Q.97). Et c'est [ANSWER:après la Guerre Civile], [ANSWER:pendant l'Ère de la Reconstruction], par le [ANSWER:15e Amendement à la Constitution des États-Unis], en [ANSWER:1870], que tous les hommes ont obtenu le droit de vote (Q.98). Les leaders du mouvement pour les droits des femmes dans les années 1800 incluaient [ANSWER:Susan B. Anthony], [ANSWER:Elizabeth Cady Stanton], [ANSWER:Sojourner Truth], et [ANSWER:Harriet Tubman] (Q.99).","Ch7 Sec2 | Questions: [96, 97, 98, 99]"
38,7,3,section,"In the 1900s, the United States fought other wars, including [ANSWER:World War I], [ANSWER:World War II], [ANSWER:Korean War], [ANSWER:Vietnam War], and [ANSWER:Persian Gulf War] (Q.100). The reasons the United States entered World War I were [ANSWER:Germany attacking U.S. civilian ships] and [ANSWER:to support the Allied Powers] (Q.101). All women gained the right to vote in [ANSWER:1920], [ANSWER:after World War I], through the [ANSWER:19th Amendment to the U.S. Constitution] (Q.102). The Great Depression was [ANSWER:the longest economic recession in modern history] (Q.103). The Great Depression began with [ANSWER:the Great Crash of 1929], or [ANSWER:the stock market crash of 1929] (Q.104). The president during the Great Depression and World War II was [ANSWER:Franklin Roosevelt] (Q.105). The reasons the United States entered World War II were [ANSWER:the bombing of Pearl Harbor], [ANSWER:Japan's attack on Pearl Harbor], [ANSWER:to support the Allied Powers], and [ANSWER:to oppose the Axis Powers] (Q.106). Dwight Eisenhower is famous as [ANSWER:a general during World War II], [ANSWER:president at the end of the Korean War], [ANSWER:the 34th President of the United States], and for [ANSWER:signing the Federal-Aid Highway Act of 1956] (Q.107).","Dans les années 1900, les États-Unis ont mené d'autres guerres, notamment [ANSWER:la Première Guerre mondiale], [ANSWER:la Seconde Guerre mondiale], [ANSWER:la Guerre de Corée], [ANSWER:la Guerre du Vietnam] et [ANSWER:la Guerre du Golfe Persique] (Q.100). Les raisons pour lesquelles les États-Unis sont entrés dans la Première Guerre mondiale étaient [ANSWER:l'attaque des navires civils américains par l'Allemagne] et [ANSWER:pour soutenir les puissances alliées] (Q.101). Toutes les femmes ont obtenu le droit de vote en [ANSWER:1920], [ANSWER:après la Première Guerre mondiale], grâce au [ANSWER:19e amendement à la Constitution américaine] (Q.102). La Grande Dépression a été [ANSWER:la plus longue récession économique de l'histoire moderne] (Q.103). La Grande Dépression a commencé avec [ANSWER:le Grand Krach de 1929], ou [ANSWER:le krach boursier de 1929] (Q.104). Le président pendant la Grande Dépression et la Seconde Guerre mondiale était [ANSWER:Franklin Roosevelt] (Q.105). Les raisons pour lesquelles les États-Unis sont entrés dans la Seconde Guerre mondiale étaient [ANSWER:le bombardement de Pearl Harbor], [ANSWER:l'attaque japonaise sur Pearl Harbor], [ANSWER:pour soutenir les puissances alliées] et [ANSWER:pour s'opposer aux puissances de l'Axe] (Q.106). Dwight Eisenhower est célèbre en tant que [ANSWER:général pendant la Seconde Guerre mondiale], [ANSWER:président à la fin de la Guerre de Corée], [ANSWER:le 34e président des États-Unis], et pour [ANSWER:la signature du Federal-Aid Highway Act de 1956] (Q.107).","Ch7 Sec3 | Questions: [100, 101, 102, 103, 104, 105, 106, 107]"
39,8,0,title,Modern America and Proud Symbols,L'Amérique moderne et ses symboles fiers,Chapter 8 Title
40,8,0,introduction,"America's journey continues. Even in modern times, America has faced many challenges and upheld the values of freedom and equality. Now let's learn about the symbols that represent America.","Le voyage de l'Amérique continue. Même dans les temps modernes, l'Amérique a fait face à de nombreux défis et a défendu les valeurs de liberté et d'égalité. Apprenons maintenant les symboles qui représentent l'Amérique.",Chapter 8 Introduction
41,8,1,section,"During the Cold War, America's main rivals were the Soviet Union, also known as the Soviet Union or Russia (Q.108). During the Cold War, America's biggest worries were Communism and nuclear war (Q.109). The United States participated in the Korean War to stop the spread of Communism (Q.110), and for the same reason, participated in the Vietnam War (Q.111). American civil rights movements fought to end racial discrimination (Q.112). Martin Luther King, Jr. fought for civil rights, struggled for equality in America, and worked for people to be judged by who they are, not by the color of their skin (Q.113). The United States participated in the Persian Gulf War to drive the Iraqi army out of Kuwait (Q.114).","Pendant la Guerre Froide, les principaux rivaux de l'Amérique étaient l'Union Soviétique, aussi connue sous le nom d'Union Soviétique ou Russie (Q.108). Pendant la Guerre Froide, les plus grandes préoccupations de l'Amérique étaient le Communisme et la guerre nucléaire (Q.109). Les États-Unis ont participé à la Guerre de Corée pour arrêter la propagation du Communisme (Q.110), et pour la même raison, ont participé à la Guerre du Vietnam (Q.111). Les mouvements américains pour les droits civiques ont lutté pour mettre fin à la discrimination raciale (Q.112). Martin Luther King, Jr. a lutté pour les droits civiques, s'est battu pour l'égalité en Amérique, et a travaillé pour que les gens soient jugés par ce qu'ils sont, et non par la couleur de leur peau (Q.113). Les États-Unis ont participé à la Guerre du Golfe Persique pour chasser l'armée irakienne du Koweït (Q.114).","Ch8 Sec1 | Questions: [108, 109, 110, 111, 112, 113, 114]"
42,8,2,section,"In the United States, a major event occurred on September 11, 2001. [ANSWER:Terrorists attacked the United States], [ANSWER:Terrorists hijacked two planes and crashed them into the World Trade Center in New York City], and [ANSWER:Terrorists hijacked a plane and crashed it into the Pentagon in Arlington, Virginia] (Q.115). After the attacks of September 11, 2001, U.S. military conflicts included the [ANSWER:Global War on Terror], [ANSWER:War in Afghanistan], and [ANSWER:Iraq War] (Q.116). Many Native American tribes in the United States include the [ANSWER:Apache], [ANSWER:Cherokee], [ANSWER:Navajo], and [ANSWER:Sioux] (Q.117). Examples of American innovation include the [ANSWER:light bulb], [ANSWER:automobile], [ANSWER:skyscraper], [ANSWER:airplane], [ANSWER:assembly line], and [ANSWER:moon landing] (Q.118). The capital of the United States is [ANSWER:Washington D.C.] (Q.119). The Statue of Liberty is located in [ANSWER:New York Harbor], [ANSWER:Liberty Island] (Q.120).","Aux États-Unis, un événement majeur s'est produit le 11 septembre 2001. [RÉPONSE : Des terroristes ont attaqué les États-Unis], [RÉPONSE : Des terroristes ont détourné deux avions et les ont écrasés contre le World Trade Center à New York], et [RÉPONSE : Des terroristes ont détourné un avion et l'ont écrasé contre le Pentagone à Arlington, en Virginie] (Q.115). Après les attaques du 11 septembre 2001, les conflits militaires américains ont inclus la [RÉPONSE : Guerre mondiale contre le terrorisme], la [RÉPONSE : Guerre en Afghanistan], et la [RÉPONSE : Guerre d'Irak] (Q.116). De nombreuses tribus amérindiennes aux États-Unis incluent les [RÉPONSE : Apaches], les [RÉPONSE : Cherokees], les [RÉPONSE : Navajos], et les [RÉPONSE : Sioux] (Q.117). Des exemples d'innovation américaine incluent [RÉPONSE : l'ampoule], [RÉPONSE : l'automobile], [RÉPONSE : le gratte-ciel], [RÉPONSE : l'avion], [RÉPONSE : la chaîne de montage], et [RÉPONSE : l'atterrissage sur la lune] (Q.118). La capitale des États-Unis est [RÉPONSE : Washington D.C.] (Q.119). La Statue de la Liberté est située dans le [RÉPONSE : port de New York], [RÉPONSE : Liberty Island] (Q.120).","Ch8 Sec2 | Questions: [115, 116, 117, 118, 119, 120]"
43,8,3,section,"Why does the American flag have 13 stripes? [ANSWER:Because there were 13 original colonies], and [ANSWER:the stripes represent the 13 original colonies] (Q.121). Why does the American flag have 50 stars? [ANSWER:Because there is one star for each state], and [ANSWER:each star represents a state], and [ANSWER:because there are 50 states] (Q.122). The name of the national flag is the [ANSWER:Stars and Stripes] (Q.123). The first motto of this nation is 'E Pluribus Unum', which means [ANSWER:out of many, one], [ANSWER:all become one] (Q.124). Independence Day is [ANSWER:a holiday celebrating America's independence from Britain], that is, [ANSWER:the nation's birthday] (Q.125). U.S. national holidays include [ANSWER:New Year's Day], [ANSWER:Martin Luther King, Jr. Day], [ANSWER:Presidents' Day], [ANSWER:Memorial Day], [ANSWER:Independence Day], [ANSWER:Labor Day], [ANSWER:Veterans Day], [ANSWER:Thanksgiving], and [ANSWER:Christmas] (Q.126). Memorial Day is [ANSWER:a holiday to honor soldiers who died while serving in the military] (Q.127). Veterans Day is [ANSWER:a holiday to honor those who belong to the U.S. military], [ANSWER:a holiday to honor people who served in the U.S. military] (Q.128).","Pourquoi le drapeau américain a-t-il 13 rayures ? [RÉPONSE : Parce qu'il y avait 13 colonies d'origine], et [RÉPONSE : les rayures représentent les 13 colonies d'origine] (Q.121). Pourquoi le drapeau américain a-t-il 50 étoiles ? [RÉPONSE : Parce qu'il y a une étoile pour chaque État], et [RÉPONSE : chaque étoile représente un État], et [RÉPONSE : parce qu'il y a 50 États] (Q.122). Le nom du drapeau national est les [RÉPONSE : Stars and Stripes] (Q.123). La première devise de cette nation est 'E Pluribus Unum', ce qui signifie [RÉPONSE : de plusieurs, un], [RÉPONSE : tous deviennent un] (Q.124). Le Jour de l'Indépendance est [RÉPONSE : un jour férié célébrant l'indépendance de l'Amérique vis-à-vis de la Grande-Bretagne], c'est-à-dire [RÉPONSE : l'anniversaire de la nation] (Q.125). Les jours fériés nationaux des États-Unis comprennent [RÉPONSE : le Jour de l'An], [RÉPONSE : le Jour de Martin Luther King, Jr.], [RÉPONSE : le Jour des Présidents], [RÉPONSE : le Jour du Souvenir], [RÉPONSE : le Jour de l'Indépendance], [RÉPONSE : la Fête du Travail], [RÉPONSE : le Jour des Anciens Combattants], [RÉPONSE : Thanksgiving], et [RÉPONSE : Noël] (Q.126). Le Jour du Souvenir est [RÉPONSE : un jour férié pour honorer les soldats morts en service militaire] (Q.127). Le Jour des Anciens Combattants est [RÉPONSE : un jour férié pour honorer ceux qui appartiennent à l'armée américaine], [RÉPONSE : un jour férié pour honorer les personnes qui ont servi dans l'armée américaine] (Q.128).","Ch8 Sec3 | Questions: [121, 122, 123, 124, 125, 126, 127, 128]"